location,pop_fam,num_buds_at_emerge,ttl_stem_lngth_flwr,buds_at_first_flwr,pollen_color_subj,anther_color_subj,overall_petal_color_subj,petal_pat_color,bud_doy,flwr_doy,scnd_flwr_doy,third_flwr_doy,pop_name,time_fst_flwr,time_fst_scnd_flwr,CMD_gs,CMD_sp,CMD_sm,Tave_gs,Tave_sp,Tave_sm,latitude,elevation,longitude,range_position,bFFP,flwr_number,area,perimeter,circularity,feret,feret_angle,min_feret,aspect_ratio,roundness,solidity,OL_width_left,OL_width_right,IL_width,trough_length_left,trough_length_right
T01-A01,STM_17,2,20.2,3,lavender,lavender,pink,0,324,342,343,347,STM,18,1,368.5952380952381,106.23809523809524,262.35714285714283,11.062857142857142,6.655555555555556,17.673809523809524,42.693604,1635,-118.938725,Southern,146,3,1.18,7.9,0.238,1.918,87.718,1.545,1.102,0.907,0.603,0.261,0.274,0.608,1.051,0.99
T01-A03,TIC_09,3,18.7,3,cream,cream,pink,1,324,337,344,347,TIC,13,7,204.5952380952381,20.095238095238095,184.5,10.136190476190476,6.336507936507936,15.835714285714285,45.977422,1118,-118.033018,Central,135,3,0.4,4.524,0.246,1.394,112.861,0.719,2.065,0.484,0.649,0.142,0.094,0.222,0.492,0.344
T01-A05,SUC_01,3,19.2,4,cream,cream,lavender,1,324,338,342,344,SUC,14,4,379.23809523809524,106.64285714285714,272.5952380952381,11.518571428571429,6.885714285714286,18.46785714285714,43.223458,1498,-117.151153,Southern,146,3,1.361,10.436,0.157,2.503,86.82,1.857,1.601,0.625,0.456,0.163,0.196,0.535,1.012,1.144
T01-A07,CRE_04,1,18.2,3,cream,cream,lavender,1,331,347,352,NA,CRE,16,5,267.9047619047619,89.02380952380952,178.88095238095238,11.997619047619049,8.247619047619049,17.622619047619047,49.128793,574,-116.635332,Northern,110,NA,NA,NA,NA,NA,NA,NA,NA,NA,NA,NA,NA,NA,NA,NA
T01-A09,OGP_04,3,17.2,5,cream,cream,purple,1,345,360,363,367,OGP,15,3,284.61904761904765,107.07142857142857,177.54761904761904,10.905714285714286,6.918253968253968,16.886904761904763,49.04775,857,-119.558096,Northern,121,3,1.539,10.27,0.183,2.265,5.934,1.771,1.166,0.858,0.543,0.345,0.4123,0.717,1.306,1.184
T01-A11,CRE_13,1,15.2,3,cream,cream,purple,1,345,365,372,375,CRE,20,7,267.9047619047619,89.02380952380952,178.88095238095238,11.997619047619049,8.247619047619049,17.622619047619047,49.128793,574,-116.635332,Northern,110,3,0.897,7.006,0.23,2.2,75.08,1.411,1.524,0.656,0.489,0.16,0.155,0.447,0.855,0.908
T01-A13,TIC_18,2,18.2,4,cream,lavender,lavender,1,324,339,342,345,TIC,15,3,204.5952380952381,20.095238095238095,184.5,10.136190476190476,6.336507936507936,15.835714285714285,45.977422,1118,-118.033018,Central,135,3,2.069,11.783,0.187,3.06,104.722,2.127,1.235,0.81,0.515,0.335,0.342,0.749,1.267,1.25
T01-B02,SUC_02,2,12.7,3,cream,cream,lavender,1,340,352,360,363,SUC,12,8,379.23809523809524,106.64285714285714,272.5952380952381,11.518571428571429,6.885714285714286,18.46785714285714,43.223458,1498,-117.151153,Southern,146,3,1.496,9.948,0.19,2.298,75.927,1.807,1.166,0.858,0.564,0.329,0.378,0.561,1.257,0.92
T01-B04,HES_01,1,10.6,3,lavender,lavender,pink,1,331,350,354,360,HES,19,4,289.07142857142856,71.42857142857143,217.64285714285714,11.379047619047618,7.496825396825397,17.202380952380953,47.342545,816,-116.787758,Central,127,3,0.894,8.254,0.165,2.109,86.924,1.388,1.443,0.693,0.49,0.202,0.23,0.53,0.921,0.858
T01-B08,CRE_15,3,11.6,0,NA,NA,NA,NA,352,381,381,NA,CRE,29,0,267.9047619047619,89.02380952380952,178.88095238095238,11.997619047619049,8.247619047619049,17.622619047619047,49.128793,574,-116.635332,Northern,110,2,0.502,5.384,0.217,1.805,83.977,0.897,2.331,0.429,0.506,0.2,0.202,0.241,0.675,0.782
T01-B10,PMS_18,2,5.3,5,cream,cream,lavender,1,317,337,339,343,PMS,20,2,305.7142857142857,67.16666666666667,238.54761904761904,10.635238095238096,6.233333333333333,17.238095238095237,44.86463,1422,-116.62262,Central,145,3,0.742,6.627,0.212,1.788,86.201,1.24,1.575,0.635,0.542,0.208,0.179,0.365,0.861,0.761
T01-B12,CRE_18,1,18.1,5,cream,cream,purple,0,338,356,360,362,CRE,18,4,267.9047619047619,89.02380952380952,178.88095238095238,11.997619047619049,8.247619047619049,17.622619047619047,49.128793,574,-116.635332,Northern,110,3,1.263,9.068,0.193,1.978,73.301,1.675,1.108,0.903,0.557,0.354,0.334,0.493,1.057,0.951
T01-B14,PMS_19,3,7.4,4,cream,cream,lavender,1,324,340,342,343,PMS,16,2,305.7142857142857,67.16666666666667,238.54761904761904,10.635238095238096,6.233333333333333,17.238095238095237,44.86463,1422,-116.62262,Central,145,NA,NA,NA,NA,NA,NA,NA,NA,NA,NA,NA,NA,NA,NA,NA
T01-C05,HES_08,1,13.2,3,cream,cream,purple,1,345,364,373,378,HES,19,9,289.07142857142856,71.42857142857143,217.64285714285714,11.379047619047618,7.496825396825397,17.202380952380953,47.342545,816,-116.787758,Central,127,3,0.409,4.732,0.23,1.414,96.182,0.904,1.347,0.742,0.545,0.19,0.187,0.201,0.375,0.559
T01-C07,KAB_11,1,9.2,0,cream,cream,lavender,0,331,348,382,389,KAB,17,34,267.4761904761905,61.547619047619044,205.92857142857142,10.74904761904762,6.961904761904762,16.429761904761904,46.866808,1002,-117.154731,Central,131,3,0.358,4.115,0.265,1.203,25.843,0.839,1.45,0.69,0.577,0.155,0.132,0.282,0.536,0.519
T01-C09,HES_18,2,13,0,NA,NA,NA,NA,345,363,363,NA,HES,18,0,289.07142857142856,71.42857142857143,217.64285714285714,11.379047619047618,7.496825396825397,17.202380952380953,47.342545,816,-116.787758,Central,127,3,0.857,9.927,0.109,2.545,83.146,1.163,2.411,0.415,0.499,0.134,0.152,0.375,0.555,0.663
T01-C11,KAB_19,2,10.1,4,pink,purple,lavender,0,331,343,347,350,KAB,12,4,267.4761904761905,61.547619047619044,205.92857142857142,10.74904761904762,6.961904761904762,16.429761904761904,46.866808,1002,-117.154731,Central,131,3,0.936,7.501,0.209,1.837,90.885,1.28,1.121,0.892,0.606,0.389,0.364,0.552,0.892,0.783
T01-C13,TIC_05,3,23.2,3,pink,pink,pink,1,324,342,344,347,TIC,18,2,204.5952380952381,20.095238095238095,184.5,10.136190476190476,6.336507936507936,15.835714285714285,45.977422,1118,-118.033018,Central,135,3,1.703,10.939,0.179,2.545,72.208,1.915,1.257,0.796,0.565,0.342,0.32,0.726,1.008,1.16
T01-D02,STM_01,2,18.8,1,lavender,NA,pink,1,318,355,360,405,STM,37,5,368.5952380952381,106.23809523809524,262.35714285714283,11.062857142857142,6.655555555555556,17.673809523809524,42.693604,1635,-118.938725,Southern,146,3,0.386,3.942,0.312,1.289,79.16,0.608,2.263,0.442,0.766,0.135,0.119,0.229,0.295,0.287
T01-D04,LRR_18,3,11.3,5,cream,cream,lavender,1,317,329,334,347,LRR,12,5,375.76190476190476,102.57142857142857,273.1904761904762,10.941904761904762,6.3769841269841265,17.789285714285715,42.959349,1546,-116.951582,Southern,154,3,1.254,9.539,0.173,2.218,103.949,1.724,1.273,0.785,0.525,0.252,0.224,0.567,1.051,1.021
T01-D06,LRR_17,2,5.5,3,cream,cream,lavender,1,317,335,339,346,LRR,18,4,375.76190476190476,102.57142857142857,273.1904761904762,10.941904761904762,6.3769841269841265,17.789285714285715,42.959349,1546,-116.951582,Southern,154,3,0.942,10.216,0.113,2.419,100.547,1.752,1.389,0.72,0.373,0.159,0.206,0.334,1.018,1.043
T01-D08,BFF_05,3,5.9,3,purple,pink,pink,1,331,339,345,349,BFF,8,6,345.8571428571429,100.30952380952381,245.54761904761907,10.284761904761904,6.130952380952381,16.515476190476193,44.343006,1312,-119.302186,Central,146,3,1.091,9.347,0.157,2.636,91.519,1.767,1.433,0.698,0.386,0.211,0.194,0.453,1.367,1.209
T01-D10,CRE_11,2,27.6,3,cream,cream,purple,1,345,360,364,367,CRE,15,4,267.9047619047619,89.02380952380952,178.88095238095238,11.997619047619049,8.247619047619049,17.622619047619047,49.128793,574,-116.635332,Northern,110,3,1.542,10.603,0.172,2.745,104.714,1.804,1.46,0.685,0.518,0.307,0.337,0.676,1.081,1.111
T01-D12,MEB_14,5,19,5,pink,pink,pink,1,331,338,340,343,MEB,7,2,353.38095238095235,97.47619047619048,255.9047619047619,10.873809523809523,6.993650793650794,16.69404761904762,44.962502,1033,-118.959969,Central,141,3,1.595,10.155,0.194,2.704,90.591,1.964,1.231,0.813,0.477,0.264,0.26,0.53,1.389,1.428
T01-D14,BRD_18,2,24.9,4,cream,pink,pink,1,345,360,362,369,BRD,15,2,228.07142857142856,65.33333333333333,162.73809523809524,12.311428571428571,8.4515873015873,18.101190476190474,49.3268,606,-117.611818,Northern,113,3,0.626,5.738,0.239,1.589,102.804,1.105,1.232,0.811,0.548,0.201,0.243,0.379,0.857,0.791
T01-E01,PMS_14,1,5.1,7,cream,cream,lavender,1,324,344,346,349,PMS,20,2,305.7142857142857,67.16666666666667,238.54761904761904,10.635238095238096,6.233333333333333,17.238095238095237,44.86463,1422,-116.62262,Central,145,4,0.251,2.802,0.402,1.009,68.199,0.534,2.286,0.437,0.731,0.098,0.101,0.239,0.373,0.351
T01-E03,PMS_06,1,3.3,3,cream,cream,lavender,0,324,339,343,346,PMS,15,4,305.7142857142857,67.16666666666667,238.54761904761904,10.635238095238096,6.233333333333333,17.238095238095237,44.86463,1422,-116.62262,Central,145,3,0.899,7.133,0.222,1.988,91.513,1.228,1.45,0.69,0.547,0.227,0.311,0.451,0.753,0.645
T01-E05,FUR_12,4,16.6,4,purple,lavender,pink,0,324,337,340,342,FUR,13,3,140.92857142857142,10.547619047619047,130.38095238095238,8.63047619047619,4.662698412698413,14.582142857142856,45.746923,1521,-116.144028,Central,154,3,1.939,12.02,0.169,2.775,85.361,2.052,1.044,0.958,0.53,0.445,0.399,0.64,1.385,1.43
T01-E07,BFF_14,2,6.3,1,pink,pink,purple,1,324,342,345,NA,BFF,18,3,345.8571428571429,100.30952380952381,245.54761904761907,10.284761904761904,6.130952380952381,16.515476190476193,44.343006,1312,-119.302186,Central,146,4,0.932,7.939,0.186,2.272,91.704,1.434,1.607,0.622,0.489,0.138,0.172,0.459,0.797,0.912
T01-E09,JCP_06,1,17.2,2,cream,cream,purple,1,324,340,345,348,JCP,16,5,301.11904761904765,113.35714285714286,187.76190476190476,10.608571428571429,6.665079365079365,16.523809523809526,49.044619,865,-119.048655,Northern,128,3,1.062,7.322,0.249,1.928,96.455,1.476,1.022,0.978,0.561,0.351,0.324,0.504,1.049,1.023
T01-E11,TIC_20,2,20.1,3,cream,cream,purple,0,324,340,343,346,TIC,16,3,204.5952380952381,20.095238095238095,184.5,10.136190476190476,6.336507936507936,15.835714285714285,45.977422,1118,-118.033018,Central,135,3,1.064,8.84,0.171,2.444,75.248,1.766,1.395,0.717,0.411,0.188,0.207,0.454,1.304,1.119
T01-E13,BFF_13,2,9.4,4,cream,lavender,purple,1,317,332,336,340,BFF,15,4,345.8571428571429,100.30952380952381,245.54761904761907,10.284761904761904,6.130952380952381,16.515476190476193,44.343006,1312,-119.302186,Central,146,3,1.322,8.674,0.221,2.233,86.078,1.704,1.154,0.867,0.516,0.303,0.343,0.596,1.235,1.191
T01-F04,FUR_19,2,15.9,1,NA,NA,NA,NA,345,360,367,NA,FUR,15,7,140.92857142857142,10.547619047619047,130.38095238095238,8.63047619047619,4.662698412698413,14.582142857142856,45.746923,1521,-116.144028,Central,154,NA,NA,NA,NA,NA,NA,NA,NA,NA,NA,NA,NA,NA,NA,NA
T01-F08,OGP_20,2,12.2,0,pink,purple,lavender,0,380,401,NA,NA,OGP,21,NA,284.61904761904765,107.07142857142857,177.54761904761904,10.905714285714286,6.918253968253968,16.886904761904763,49.04775,857,-119.558096,Northern,121,NA,NA,NA,NA,NA,NA,NA,NA,NA,NA,NA,NA,NA,NA,NA
T01-F10,PMS_08,2,8.4,4,cream,cream,lavender,0,317,324,329,332,PMS,7,5,305.7142857142857,67.16666666666667,238.54761904761904,10.635238095238096,6.233333333333333,17.238095238095237,44.86463,1422,-116.62262,Central,145,3,0.933,7.776,0.194,1.933,171.668,1.392,1.335,0.749,0.558,0.236,0.198,0.394,0.912,0.747
T01-F12,HES_11,3,16,6,pink,pink,pink,1,331,343,347,349,HES,12,4,289.07142857142856,71.42857142857143,217.64285714285714,11.379047619047618,7.496825396825397,17.202380952380953,47.342545,816,-116.787758,Central,127,3,1.467,11.793,0.133,2.694,99.782,1.922,1.145,0.873,0.442,0.372,0.321,0.577,1.131,1.175
T01-F14,OGP_08,2,14.4,1,cream,cream,pink,NA,367,388,388,NA,OGP,21,0,284.61904761904765,107.07142857142857,177.54761904761904,10.905714285714286,6.918253968253968,16.886904761904763,49.04775,857,-119.558096,Northern,121,3,0.444,4.639,0.26,1.324,96.371,0.905,1.549,0.646,0.605,0.16,0.156,0.377,0.591,0.521
T01-G01,SUC_11,2,9.3,2,cream,cream,purple,1,331,346,350,354,SUC,15,4,379.23809523809524,106.64285714285714,272.5952380952381,11.518571428571429,6.885714285714286,18.46785714285714,43.223458,1498,-117.151153,Southern,146,3,1.172,8.022,0.229,2.046,86.764,1.577,1.126,0.888,0.564,0.304,0.286,0.46,1.015,1.089
T01-G03,LIC_14,1,11,2,cream,cream,lavender,0,352,376,383,390,LIC,24,7,255.07142857142858,61.83333333333333,193.23809523809524,10.866190476190475,7.0738095238095235,16.554761904761904,48.191144,804,-116.15621,Northern,130,3,0.396,4.599,0.235,1.311,92.437,0.853,1.485,0.674,0.586,0.193,0.187,0.251,0.581,0.451
T01-G07,PMS_13,1,6.2,4,cream,cream,lavender,1,317,336,340,342,PMS,19,4,305.7142857142857,67.16666666666667,238.54761904761904,10.635238095238096,6.233333333333333,17.238095238095237,44.86463,1422,-116.62262,Central,145,3,0.672,5.9,0.243,1.713,73.703,1.087,1.489,0.672,0.589,0.251,0.247,0.367,0.714,0.684
T01-G09,STM_06,3,17.5,2,cream,cream,pink,1,331,346,351,355,STM,15,5,368.5952380952381,106.23809523809524,262.35714285714283,11.062857142857142,6.655555555555556,17.673809523809524,42.693604,1635,-118.938725,Southern,146,3,0.75,7.689,0.159,1.921,95.175,1.415,1.363,0.733,0.457,0.167,0.147,0.354,0.834,1.016
T01-G11,SUC_13,2,8.6,3,cream,cream,pink,1,324,342,344,348,SUC,18,2,379.23809523809524,106.64285714285714,272.5952380952381,11.518571428571429,6.885714285714286,18.46785714285714,43.223458,1498,-117.151153,Southern,146,3,1.131,7.117,0.281,1.958,101.952,1.429,1.151,0.868,0.626,0.303,0.267,0.589,0.996,0.901
T01-G13,BRD_05,2,19.5,5,lavender,lavender,pink,1,338,353,357,350,BRD,15,4,228.07142857142856,65.33333333333333,162.73809523809524,12.311428571428571,8.4515873015873,18.101190476190474,49.3268,606,-117.611818,Northern,113,3,1.344,9.05,0.206,2.271,92.221,1.677,1.128,0.887,0.575,0.43,0.374,0.545,0.745,0.901
T02-A01,FUR_06,2,14.5,2,NA,NA,NA,NA,345,372,374,NA,FUR,27,2,140.92857142857142,10.547619047619047,130.38095238095238,8.63047619047619,4.662698412698413,14.582142857142856,45.746923,1521,-116.144028,Central,154,2,0.849,6.744,0.235,2.221,90.874,1.272,1.828,0.547,0.505,0.251,0.232,0.352,0.785,0.874
T02-A03,OGP_15,1,7.1,3,cream,cream,pink,1,324,340,345,347,OGP,16,5,284.61904761904765,107.07142857142857,177.54761904761904,10.905714285714286,6.918253968253968,16.886904761904763,49.04775,857,-119.558096,Northern,121,3,1.671,11.402,0.162,2.53,59.092,2.082,1.262,0.792,0.48,0.302,0.29,0.541,1.4,1.068
T02-A05,BRD_11,1,19,2,cream,cream,purple,1,345,362,367,NA,BRD,17,5,228.07142857142856,65.33333333333333,162.73809523809524,12.311428571428571,8.4515873015873,18.101190476190474,49.3268,606,-117.611818,Northern,113,2,0.653,5.289,0.293,1.623,100.263,1.101,1.282,0.78,0.584,0.254,0.204,0.421,0.854,0.746
T02-A07,HES_02,1,12.1,2,purple,purple,purple,1,338,355,361,367,HES,17,6,289.07142857142856,71.42857142857143,217.64285714285714,11.379047619047618,7.496825396825397,17.202380952380953,47.342545,816,-116.787758,Central,127,3,1.305,9.916,0.167,2.513,88.557,1.809,1.462,0.684,0.441,0.165,0.208,0.543,1.235,1.171
T02-A09,HES_04,1,10.1,1,cream,NA,lavender,0,331,349,357,NA,HES,18,8,289.07142857142856,71.42857142857143,217.64285714285714,11.379047619047618,7.496825396825397,17.202380952380953,47.342545,816,-116.787758,Central,127,NA,NA,NA,NA,NA,NA,NA,NA,NA,NA,NA,NA,NA,NA,NA
T02-A11,JCP_02,1,7.9,0,NA,NA,NA,NA,367,384,NA,NA,JCP,17,NA,301.11904761904765,113.35714285714286,187.76190476190476,10.608571428571429,6.665079365079365,16.523809523809526,49.044619,865,-119.048655,Northern,128,NA,NA,NA,NA,NA,NA,NA,NA,NA,NA,NA,NA,NA,NA,NA
T02-A13,BBU_02,1,6.7,3,NA,NA,NA,NA,331,351,360,NA,BBU,20,9,254.5952380952381,43.023809523809526,211.57142857142858,10.246666666666666,5.853174603174603,16.836904761904762,43.73359,1704,-116.128678,Southern,139,NA,NA,NA,NA,NA,NA,NA,NA,NA,NA,NA,NA,NA,NA,NA
T02-B02,STM_15,2,12.3,3,cream,cream,pink,1,324,342,346,349,STM,18,4,368.5952380952381,106.23809523809524,262.35714285714283,11.062857142857142,6.655555555555556,17.673809523809524,42.693604,1635,-118.938725,Southern,146,3,0.989,9.113,0.15,2.185,6.85,1.743,1.143,0.875,0.403,0.189,0.15,0.406,1.324,1.175
T02-B04,BBU_04,3,5.6,4,cream,pink,pink,1,331,348,370,380,BBU,17,22,254.5952380952381,43.023809523809526,211.57142857142858,10.246666666666666,5.853174603174603,16.836904761904762,43.73359,1704,-116.128678,Southern,139,3,1.271,9.467,0.178,2.423,86.272,1.83,1.375,0.727,0.445,0.287,0.21,0.449,1.336,1.243
T02-B06,LRR_20,1,13.4,3,cream,cream,lavender,1,317,333,336,341,LRR,16,3,375.76190476190476,102.57142857142857,273.1904761904762,10.941904761904762,6.3769841269841265,17.789285714285715,42.959349,1546,-116.951582,Southern,154,3,1.287,8.63,0.217,2.08,85.07,1.595,1.284,0.779,0.615,0.292,0.237,0.603,0.832,0.945
T02-B08,TIC_11,1,18.4,2,pink,cream,purple,1,331,347,352,357,TIC,16,5,204.5952380952381,20.095238095238095,184.5,10.136190476190476,6.336507936507936,15.835714285714285,45.977422,1118,-118.033018,Central,135,3,0.827,8.189,0.155,2.103,77.3,1.415,1.559,0.641,0.447,0.234,0.18,0.435,1.159,0.787
T02-B10,MEB_03,3,17,4,cream,cream,pink,1,331,338,342,346,MEB,7,4,353.38095238095235,97.47619047619048,255.9047619047619,10.873809523809523,6.993650793650794,16.69404761904762,44.962502,1033,-118.959969,Central,141,3,1.194,11.148,0.121,2.623,78.537,1.82,1.629,0.614,0.388,0.162,0.202,0.41,1.351,1.275
T02-B12,PMS_17,3,6.6,6,cream,lavender,lavender,1,317,330,333,335,PMS,13,3,305.7142857142857,67.16666666666667,238.54761904761904,10.635238095238096,6.233333333333333,17.238095238095237,44.86463,1422,-116.62262,Central,145,3,1.066,7.821,0.219,2.042,117.685,1.411,1.348,0.742,0.579,0.263,0.299,0.441,0.681,0.892
T02-B14,LRR_11,3,8.5,3,cream,cream,lavender,1,324,339,343,347,LRR,15,4,375.76190476190476,102.57142857142857,273.1904761904762,10.941904761904762,6.3769841269841265,17.789285714285715,42.959349,1546,-116.951582,Southern,154,3,1.53,9.331,0.221,2.38,99.742,1.84,1.101,0.908,0.571,0.325,0.292,0.645,0.999,1.111
T02-C05,BFF_02,2,7.6,2,pink,cream,lavender,1,331,345,347,351,BFF,14,2,345.8571428571429,100.30952380952381,245.54761904761907,10.284761904761904,6.130952380952381,16.515476190476193,44.343006,1312,-119.302186,Central,146,3,1.181,9.136,0.178,2.243,88.905,1.46,1.507,0.664,0.539,0.32,0.241,0.481,0.779,0.7
T02-C07,GPN_13,3,14.2,4,cream,cream,purple,1,352,371,375,379,GPN,19,4,266.26190476190476,86.97619047619048,179.28571428571428,12.305238095238096,8.403174603174604,18.15833333333333,49.136969,671,-118.246906,Northern,117,3,0.745,7.501,0.166,1.958,112.834,1.363,1.367,0.731,0.453,0.21,0.213,0.399,0.843,0.97
T02-C09,BFF_07,2,6.6,1,pink,NA,pink,NA,331,347,354,NA,BFF,16,7,345.8571428571429,100.30952380952381,245.54761904761907,10.284761904761904,6.130952380952381,16.515476190476193,44.343006,1312,-119.302186,Central,146,4,0.216,4.2,0.154,1.357,102.814,0.635,2.68,0.373,0.443,0.09,0.094,0.103,0.329,0.471
T02-C11,HES_12,2,16.5,2,cream,cream,lavender,1,373,393,398,NA,HES,20,5,289.07142857142856,71.42857142857143,217.64285714285714,11.379047619047618,7.496825396825397,17.202380952380953,47.342545,816,-116.787758,Central,127,2,0.467,5.298,0.209,1.718,92.47,0.833,2.088,0.479,0.562,0.137,0.13,0.303,0.621,0.508
T02-C13,LIC_05,3,9.2,2,cream,cream,pink,1,345,360,365,371,LIC,15,5,255.07142857142858,61.83333333333333,193.23809523809524,10.866190476190475,7.0738095238095235,16.554761904761904,48.191144,804,-116.15621,Northern,130,3,0.553,5.581,0.223,1.556,93.18,1.046,1.481,0.675,0.554,0.186,0.197,0.301,0.723,0.676
T02-D02,STM_20,1,12.9,3,cream,cream,pink,0,317,335,339,343,STM,18,4,368.5952380952381,106.23809523809524,262.35714285714283,11.062857142857142,6.655555555555556,17.673809523809524,42.693604,1635,-118.938725,Southern,146,3,0.827,7.619,0.179,1.726,78.826,1.348,1.064,0.94,0.518,0.237,0.206,0.462,0.965,1.061
T02-D04,GPN_04,1,8.5,2,cream,cream,lavender,1,373,398,403,NA,GPN,25,5,266.26190476190476,86.97619047619048,179.28571428571428,12.305238095238096,8.403174603174604,18.15833333333333,49.136969,671,-118.246906,Northern,117,2,0.623,4.836,0.335,1.639,93.79,1.016,1.583,0.632,0.644,0.209,0.185,0.447,0.695,0.654
T02-D06,OGP_07,1,14.8,3,cream,cream,purple,1,352,372,382,393,OGP,20,10,284.61904761904765,107.07142857142857,177.54761904761904,10.905714285714286,6.918253968253968,16.886904761904763,49.04775,857,-119.558096,Northern,121,4,0.68,6.365,0.211,1.885,88.014,1.155,1.667,0.6,0.509,0.187,0.207,0.25,0.735,0.899
T02-D08,KAB_09,2,10.7,3,purple,purple,lavender,1,345,361,367,374,KAB,16,6,267.4761904761905,61.547619047619044,205.92857142857142,10.74904761904762,6.961904761904762,16.429761904761904,46.866808,1002,-117.154731,Central,131,3,0.474,5.714,0.182,1.531,95.536,0.937,1.531,0.653,0.56,0.211,0.152,0.336,0.624,0.57
T02-D10,OGP_01,2,15.7,6,cream,lavender,pink,1,325,342,345,348,OGP,17,3,284.61904761904765,107.07142857142857,177.54761904761904,10.905714285714286,6.918253968253968,16.886904761904763,49.04775,857,-119.558096,Northern,121,3,0.939,6.83,0.253,1.831,106.021,1.391,1.114,0.897,0.587,0.296,0.276,0.515,0.823,0.789
T02-D12,BFF_16,2,9.1,1,pink,pink,pink,1,352,369,377,NA,BFF,17,8,345.8571428571429,100.30952380952381,245.54761904761907,10.284761904761904,6.130952380952381,16.515476190476193,44.343006,1312,-119.302186,Central,146,2,0.928,8.18,0.174,2.165,88.259,1.616,1.32,0.758,0.433,0.175,0.18,0.392,1.06,1.05
T02-D14,CRE_20,2,17.1,3,NA,NA,NA,NA,380,407,408,NA,CRE,27,1,267.9047619047619,89.02380952380952,178.88095238095238,11.997619047619049,8.247619047619049,17.622619047619047,49.128793,574,-116.635332,Northern,110,NA,NA,NA,NA,NA,NA,NA,NA,NA,NA,NA,NA,NA,NA,NA
T02-E01,STM_04,1,15.5,2,NA,NA,NA,NA,324,342,347,NA,STM,18,5,368.5952380952381,106.23809523809524,262.35714285714283,11.062857142857142,6.655555555555556,17.673809523809524,42.693604,1635,-118.938725,Southern,146,NA,NA,NA,NA,NA,NA,NA,NA,NA,NA,NA,NA,NA,NA,NA
T02-E03,HES_16,2,11.5,3,purple,lavender,pink,1,331,348,353,360,HES,17,5,289.07142857142856,71.42857142857143,217.64285714285714,11.379047619047618,7.496825396825397,17.202380952380953,47.342545,816,-116.787758,Central,127,3,0.933,9.259,0.137,2.536,90.57,1.263,2.118,0.472,0.516,0.218,0.2,0.416,0.673,0.678
T02-E05,MEB_04,1,21.7,3,cream,purple,purple,0,324,340,343,345,MEB,16,3,353.38095238095235,97.47619047619048,255.9047619047619,10.873809523809523,6.993650793650794,16.69404761904762,44.962502,1033,-118.959969,Central,141,3,1.407,9.231,0.207,2.184,95.837,1.752,1.075,0.93,0.552,0.245,0.428,0.583,1.112,1.068
T02-E07,CRE_07,1,14.9,1,cream,cream,pink,1,345,362,369,NA,CRE,17,7,267.9047619047619,89.02380952380952,178.88095238095238,11.997619047619049,8.247619047619049,17.622619047619047,49.128793,574,-116.635332,Northern,110,2,0.61,6.132,0.204,1.934,108.592,1.066,1.884,0.531,0.501,0.23,0.201,0.327,0.81,0.788
T02-E09,LIC_18,1,11.9,3,cream,cream,pink,1,345,363,NA,375,LIC,18,NA,255.07142857142858,61.83333333333333,193.23809523809524,10.866190476190475,7.0738095238095235,16.554761904761904,48.191144,804,-116.15621,Northern,130,3,0.818,6.742,0.226,1.713,95.152,1.383,1.084,0.923,0.529,0.215,0.233,0.462,0.88,0.974
T02-E11,BFF_15,2,4.3,2,cream,pink,lavender,1,352,369,374,380,BFF,17,5,345.8571428571429,100.30952380952381,245.54761904761907,10.284761904761904,6.130952380952381,16.515476190476193,44.343006,1312,-119.302186,Central,146,3,0.328,4.71,0.186,1.35,88.837,0.87,1.549,0.646,0.452,0.141,0.14,0.233,0.698,0.79
T02-E13,JCP_13,1,17.3,3,cream,NA,lavender,0,338,355,361,NA,JCP,17,6,301.11904761904765,113.35714285714286,187.76190476190476,10.608571428571429,6.665079365079365,16.523809523809526,49.044619,865,-119.048655,Northern,128,NA,NA,NA,NA,NA,NA,NA,NA,NA,NA,NA,NA,NA,NA,NA
T02-F02,GPN_01,4,16.4,6,cream,cream,pink,1,345,360,365,369,GPN,15,5,266.26190476190476,86.97619047619048,179.28571428571428,12.305238095238096,8.403174603174604,18.15833333333333,49.136969,671,-118.246906,Northern,117,3,0.633,5.979,0.223,1.588,94.068,1.109,1.071,0.933,0.537,0.233,0.215,0.418,0.895,0.919
T02-F04,KAB_12,2,10.7,2,cream,cream,lavender,1,352,369,375,380,KAB,17,6,267.4761904761905,61.547619047619044,205.92857142857142,10.74904761904762,6.961904761904762,16.429761904761904,46.866808,1002,-117.154731,Central,131,3,0.475,6.09,0.161,1.642,96.183,0.983,1.761,0.568,0.46,0.136,0.11,0.265,0.79,0.778
T02-F06,STM_03,1,11.7,3,cream,pink,pink,1,324,342,347,351,STM,18,5,368.5952380952381,106.23809523809524,262.35714285714283,11.062857142857142,6.655555555555556,17.673809523809524,42.693604,1635,-118.938725,Southern,146,3,1.397,9.42,0.198,2.4,88.977,1.825,1.078,0.927,0.486,0.312,0.302,0.519,1.311,1.167
T02-F08,LRR_10,2,12.6,4,cream,cream,lavender,1,317,335,340,344,LRR,18,5,375.76190476190476,102.57142857142857,273.1904761904762,10.941904761904762,6.3769841269841265,17.789285714285715,42.959349,1546,-116.951582,Southern,154,3,1.02,8.299,0.186,2.042,88.636,1.479,1.34,0.746,0.541,0.197,0.356,0.496,1.032,0.888
T02-F10,PMS_01,3,7.7,2,cream,cream,lavender,1,317,326,333,339,PMS,9,7,305.7142857142857,67.16666666666667,238.54761904761904,10.635238095238096,6.233333333333333,17.238095238095237,44.86463,1422,-116.62262,Central,145,3,0.948,8.956,0.149,2.002,87.248,1.489,1.233,0.811,0.493,0.264,0.184,0.384,0.877,0.836
T02-F12,KAB_20,1,10.4,3,purple,lavender,purple,0,345,362,367,376,KAB,17,5,267.4761904761905,61.547619047619044,205.92857142857142,10.74904761904762,6.961904761904762,16.429761904761904,46.866808,1002,-117.154731,Central,131,3,0.889,6.53,0.262,1.735,83.037,1.251,1.106,0.904,0.618,0.285,0.258,0.61,0.901,0.956
T02-F14,LRR_16,1,4,2,cream,cream,pink,1,317,340,350,367,LRR,23,10,375.76190476190476,102.57142857142857,273.1904761904762,10.941904761904762,6.3769841269841265,17.789285714285715,42.959349,1546,-116.951582,Southern,154,3,1.039,7.496,0.232,1.907,88.493,1.527,1.106,0.904,0.56,0.256,0.273,0.458,0.903,0.925
T02-G01,LIC_09,1,13,1,cream,pink,purple,1,345,367,373,NA,LIC,22,6,255.07142857142858,61.83333333333333,193.23809523809524,10.866190476190475,7.0738095238095235,16.554761904761904,48.191144,804,-116.15621,Northern,130,2,0.565,6.099,0.191,1.715,88.091,1.15,1.672,0.598,0.464,0.156,0.172,0.354,0.779,0.84
T02-G03,SUC_04,1,4,2,cream,cream,lavender,1,317,333,335,341,SUC,16,2,379.23809523809524,106.64285714285714,272.5952380952381,11.518571428571429,6.885714285714286,18.46785714285714,43.223458,1498,-117.151153,Southern,146,3,0.742,6.983,0.191,1.731,91.513,1.246,1.389,0.72,0.543,0.183,0.241,0.322,0.634,0.837
T02-G05,CRE_08,1,12.5,3,cream,NA,purple,1,338,355,361,NA,CRE,17,6,267.9047619047619,89.02380952380952,178.88095238095238,11.997619047619049,8.247619047619049,17.622619047619047,49.128793,574,-116.635332,Northern,110,NA,NA,NA,NA,NA,NA,NA,NA,NA,NA,NA,NA,NA,NA,NA
T02-G07,FUR_14,2,12.4,2,cream,lavender,pink,1,345,360,365,370,FUR,15,5,140.92857142857142,10.547619047619047,130.38095238095238,8.63047619047619,4.662698412698413,14.582142857142856,45.746923,1521,-116.144028,Central,154,3,0.826,6.838,0.222,2.112,78.653,1.169,1.823,0.549,0.583,0.188,0.193,0.415,0.698,0.745
T02-G11,BFF_11,3,10.6,4,cream,cream,pink,0,317,330,334,337,BFF,13,4,345.8571428571429,100.30952380952381,245.54761904761907,10.284761904761904,6.130952380952381,16.515476190476193,44.343006,1312,-119.302186,Central,146,3,1.404,11.817,0.126,2.35,84.764,1.685,1.339,0.747,0.513,0.306,0.28,0.659,1.293,1.271
T02-G13,STM_11,2,16.5,1,cream,cream,purple,0,345,362,369,NA,STM,17,7,368.5952380952381,106.23809523809524,262.35714285714283,11.062857142857142,6.655555555555556,17.673809523809524,42.693604,1635,-118.938725,Southern,146,NA,NA,NA,NA,NA,NA,NA,NA,NA,NA,NA,NA,NA,NA,NA
T03-A01,FUR_11,2,13.6,3,cream,pink,lavender,1,325,340,344,346,FUR,15,4,140.92857142857142,10.547619047619047,130.38095238095238,8.63047619047619,4.662698412698413,14.582142857142856,45.746923,1521,-116.144028,Central,154,3,1.574,9.786,0.207,2.599,85.288,1.655,1.474,0.678,0.62,0.342,0.359,0.637,0.942,0.896
T03-A03,LIC_07,2,12.1,2,cream,cream,lavender,0,338,354,360,365,LIC,16,6,255.07142857142858,61.83333333333333,193.23809523809524,10.866190476190475,7.0738095238095235,16.554761904761904,48.191144,804,-116.15621,Northern,130,3,0.402,4.793,0.22,1.201,100.852,0.908,1.506,0.664,0.589,0.153,0.146,0.244,0.545,0.587
T03-A05,CRE_03,3,12.3,3,cream,cream,pink,1,352,374,378,NA,CRE,22,4,267.9047619047619,89.02380952380952,178.88095238095238,11.997619047619049,8.247619047619049,17.622619047619047,49.128793,574,-116.635332,Northern,110,2,0.642,6.239,0.207,1.751,86.856,1.233,1.239,0.807,0.467,0.228,0.199,0.349,0.93,0.944
T03-A07,GPN_16,1,8.6,2,cream,cream,purple,1,352,375,378,NA,GPN,23,3,266.26190476190476,86.97619047619048,179.28571428571428,12.305238095238096,8.403174603174604,18.15833333333333,49.136969,671,-118.246906,Northern,117,2,0.361,4.169,0.261,1.442,82.614,0.73,2.057,0.486,0.585,0.203,0.135,0.274,0.57,0.521
T03-A09,JCP_19,3,12.2,3,NA,NA,NA,NA,352,369,377,NA,JCP,17,8,301.11904761904765,113.35714285714286,187.76190476190476,10.608571428571429,6.665079365079365,16.523809523809526,49.044619,865,-119.048655,Northern,128,2,0.507,5.954,0.18,1.687,87.104,0.999,1.476,0.677,0.49,0.193,0.206,0.356,0.622,0.609
T03-A11,BFF_19,1,16.5,1,cream,pink,lavender,0,338,357,363,NA,BFF,19,6,345.8571428571429,100.30952380952381,245.54761904761907,10.284761904761904,6.130952380952381,16.515476190476193,44.343006,1312,-119.302186,Central,146,NA,NA,NA,NA,NA,NA,NA,NA,NA,NA,NA,NA,NA,NA,NA
T03-A13,LRR_15,4,18.9,5,lavender,cream,lavender,0,317,326,328,330,LRR,9,2,375.76190476190476,102.57142857142857,273.1904761904762,10.941904761904762,6.3769841269841265,17.789285714285715,42.959349,1546,-116.951582,Southern,154,4,1.019,6.837,0.274,1.908,90.853,1.416,1.299,0.77,0.611,0.271,0.268,0.491,0.983,0.754
T03-B04,KAB_03,1,6.5,3,lavender,pink,pink,0,338,353,366,368,KAB,15,13,267.4761904761905,61.547619047619044,205.92857142857142,10.74904761904762,6.961904761904762,16.429761904761904,46.866808,1002,-117.154731,Central,131,3,0.758,7.477,0.17,2.093,92.135,1.359,1.364,0.733,0.452,0.29,0.23,0.379,0.918,0.923
T03-B06,BRD_16,2,18.2,4,cream,pink,pink,1,340,360,362,367,BRD,20,2,228.07142857142856,65.33333333333333,162.73809523809524,12.311428571428571,8.4515873015873,18.101190476190474,49.3268,606,-117.611818,Northern,113,3,1.36,9.8,0.178,2.522,78.126,1.858,1.019,0.981,0.468,0.316,0.32,0.594,1.185,1.247
T03-B10,GPN_17,1,8.5,2,cream,cream,pink,1,345,363,370,374,GPN,18,7,266.26190476190476,86.97619047619048,179.28571428571428,12.305238095238096,8.403174603174604,18.15833333333333,49.136969,671,-118.246906,Northern,117,3,0.279,3.957,0.224,1.175,88.363,0.721,1.784,0.561,0.539,0.095,0.129,0.206,0.541,0.611
T03-B12,TIC_15,3,31.3,3,cream,cream,purple,0,324,338,341,344,TIC,14,3,204.5952380952381,20.095238095238095,184.5,10.136190476190476,6.336507936507936,15.835714285714285,45.977422,1118,-118.033018,Central,135,3,1.753,9.311,0.254,2.752,80.717,1.889,1.152,0.868,0.555,0.414,0.387,0.564,1.188,1.233
T03-B14,MEB_17,1,22.8,3,cream,cream,purple,1,352,374,380,385,MEB,22,6,353.38095238095235,97.47619047619048,255.9047619047619,10.873809523809523,6.993650793650794,16.69404761904762,44.962502,1033,-118.959969,Central,141,3,0.891,7.521,0.198,2.218,90.441,1.487,1.264,0.791,0.438,0.271,0.274,0.331,1.137,1.07
T03-C01,GPN_02,1,12.2,2,cream,purple,purple,1,352,374,377,NA,GPN,22,3,266.26190476190476,86.97619047619048,179.28571428571428,12.305238095238096,8.403174603174604,18.15833333333333,49.136969,671,-118.246906,Northern,117,2,0.41,4.698,0.233,1.549,87.574,0.763,2.495,0.401,0.556,0.186,0.155,0.261,0.647,0.537
T03-C09,PMS_05,4,9.1,3,cream,cream,lavender,0,317,324,325,330,PMS,7,1,305.7142857142857,67.16666666666667,238.54761904761904,10.635238095238096,6.233333333333333,17.238095238095237,44.86463,1422,-116.62262,Central,145,5,1.237,8.621,0.209,2.196,86.47,1.617,1.358,0.737,0.543,0.273,0.243,0.47,0.997,0.909
T03-C11,HES_20,3,13.2,2,cream,cream,lavender,0,345,365,371,376,HES,20,6,289.07142857142856,71.42857142857143,217.64285714285714,11.379047619047618,7.496825396825397,17.202380952380953,47.342545,816,-116.787758,Central,127,3,0.971,10.167,0.118,2.365,81.532,1.596,1.782,0.561,0.415,0.176,0.153,0.483,1.092,0.909
T03-C13,LIC_08,3,25.3,3,cream,cream,purple,1,345,369,371,374,LIC,24,2,255.07142857142858,61.83333333333333,193.23809523809524,10.866190476190475,7.0738095238095235,16.554761904761904,48.191144,804,-116.15621,Northern,130,3,0.532,5.367,0.232,1.501,96.934,1.09,1.298,0.771,0.549,0.194,0.176,0.258,0.674,0.698
T03-D12,BFF_04,1,7.2,0,NA,NA,NA,NA,324,347,378,NA,BFF,23,31,345.8571428571429,100.30952380952381,245.54761904761907,10.284761904761904,6.130952380952381,16.515476190476193,44.343006,1312,-119.302186,Central,146,NA,NA,NA,NA,NA,NA,NA,NA,NA,NA,NA,NA,NA,NA,NA
T03-D14,TIC_14,3,13.4,5,pink,pink,pink,1,331,344,348,350,TIC,13,4,204.5952380952381,20.095238095238095,184.5,10.136190476190476,6.336507936507936,15.835714285714285,45.977422,1118,-118.033018,Central,135,3,1.319,9.624,0.179,2.447,92.969,1.612,1.573,0.636,0.55,0.25,0.239,0.68,0.881,0.87
T03-E01,MEB_02,1,22,5,cream,cream,lavender,1,325,341,344,348,MEB,16,3,353.38095238095235,97.47619047619048,255.9047619047619,10.873809523809523,6.993650793650794,16.69404761904762,44.962502,1033,-118.959969,Central,141,3,1.107,8.295,0.202,2.208,86.709,1.569,1.346,0.743,0.521,0.238,0.218,0.577,0.964,0.956
T03-E07,BBU_16,1,9.6,3,cream,cream,lavender,1,324,345,351,355,BBU,21,6,254.5952380952381,43.023809523809526,211.57142857142858,10.246666666666666,5.853174603174603,16.836904761904762,43.73359,1704,-116.128678,Southern,139,3,1.254,8.491,0.219,2.188,85.079,1.622,1.279,0.782,0.576,0.263,0.234,0.637,1.011,0.998
T03-E09,PMS_20,2,4,2,NA,NA,NA,NA,324,346,NA,NA,PMS,22,NA,305.7142857142857,67.16666666666667,238.54761904761904,10.635238095238096,6.233333333333333,17.238095238095237,44.86463,1422,-116.62262,Central,145,NA,NA,NA,NA,NA,NA,NA,NA,NA,NA,NA,NA,NA,NA,NA
T03-E11,LIC_03,2,8.5,0,purple,purple,purple,0,352,365,NA,NA,LIC,13,NA,255.07142857142858,61.83333333333333,193.23809523809524,10.866190476190475,7.0738095238095235,16.554761904761904,48.191144,804,-116.15621,Northern,130,NA,NA,NA,NA,NA,NA,NA,NA,NA,NA,NA,NA,NA,NA,NA
T03-E13,GPN_12,1,22.5,0,cream,cream,pink,0,380,401,NA,NA,GPN,21,NA,266.26190476190476,86.97619047619048,179.28571428571428,12.305238095238096,8.403174603174604,18.15833333333333,49.136969,671,-118.246906,Northern,117,NA,NA,NA,NA,NA,NA,NA,NA,NA,NA,NA,NA,NA,NA,NA
T03-F02,MEB_18,1,13.7,4,cream,cream,lavender,1,325,344,347,350,MEB,19,3,353.38095238095235,97.47619047619048,255.9047619047619,10.873809523809523,6.993650793650794,16.69404761904762,44.962502,1033,-118.959969,Central,141,3,0.64,5.779,0.241,1.711,92.426,1.102,1.423,0.703,0.553,0.202,0.257,0.348,0.69,0.818
T03-F04,OGP_06,2,20.2,5,cream,cream,pink,0,317,333,336,339,OGP,16,3,284.61904761904765,107.07142857142857,177.54761904761904,10.905714285714286,6.918253968253968,16.886904761904763,49.04775,857,-119.558096,Northern,121,3,0.953,7.059,0.24,2.02,87.637,1.391,1.319,0.758,0.508,0.221,0.212,0.487,1.157,1.137
T03-F08,LIC_17,NA,16.2,2,cream,cream,purple,1,NA,389,391,398,LIC,NA,2,255.07142857142858,61.83333333333333,193.23809523809524,10.866190476190475,7.0738095238095235,16.554761904761904,48.191144,804,-116.15621,Northern,130,3,0.445,5.031,0.221,1.748,97.169,0.913,2.307,0.434,0.467,0.137,0.106,0.245,0.735,0.7
T03-F10,BBU_18,1,7.4,2,lavender,lavender,lavender,1,324,346,352,360,BBU,22,6,254.5952380952381,43.023809523809526,211.57142857142858,10.246666666666666,5.853174603174603,16.836904761904762,43.73359,1704,-116.128678,Southern,139,3,0.689,6.839,0.185,1.948,159.129,1.239,1.838,0.544,0.433,0.215,0.178,0.358,1.062,0.975
T03-F12,OGP_11,1,13.2,5,cream,cream,purple,1,324,343,345,351,OGP,19,2,284.61904761904765,107.07142857142857,177.54761904761904,10.905714285714286,6.918253968253968,16.886904761904763,49.04775,857,-119.558096,Northern,121,3,0.69,6.365,0.214,1.58,95.968,1.204,1.03,0.971,0.559,0.272,0.216,0.354,0.841,0.73
T03-F14,FUR_16,1,18.3,1,purple,pink,pink,1,345,365,NA,NA,FUR,20,NA,140.92857142857142,10.547619047619047,130.38095238095238,8.63047619047619,4.662698412698413,14.582142857142856,45.746923,1521,-116.144028,Central,154,2,1.221,8.026,0.238,2.027,87.026,1.497,1.259,0.795,0.577,0.252,0.24,0.732,1.163,1.158
T03-G01,BBU_13,1,7.3,2,pink,pink,lavender,1,345,365,NA,NA,BBU,20,NA,254.5952380952381,43.023809523809526,211.57142857142858,10.246666666666666,5.853174603174603,16.836904761904762,43.73359,1704,-116.128678,Southern,139,NA,NA,NA,NA,NA,NA,NA,NA,NA,NA,NA,NA,NA,NA,NA
T03-G03,CRE_19,2,18.5,4,cream,lavender,lavender,1,340,357,360,363,CRE,17,3,267.9047619047619,89.02380952380952,178.88095238095238,11.997619047619049,8.247619047619049,17.622619047619047,49.128793,574,-116.635332,Northern,110,3,1.138,7.518,0.253,2.037,97.819,1.388,1.317,0.759,0.626,0.305,0.311,0.528,0.843,0.842
T03-G05,HES_15,2,17,5,purple,lavender,lavender,1,324,341,345,349,HES,17,4,289.07142857142856,71.42857142857143,217.64285714285714,11.379047619047618,7.496825396825397,17.202380952380953,47.342545,816,-116.787758,Central,127,3,1.111,9.325,0.161,2.432,79.114,1.566,1.493,0.67,0.471,0.249,0.232,0.417,0.908,1.002
T03-G07,TIC_02,2,16.9,1,cream,cream,purple,1,367,387,390,NA,TIC,20,3,204.5952380952381,20.095238095238095,184.5,10.136190476190476,6.336507936507936,15.835714285714285,45.977422,1118,-118.033018,Central,135,2,0.489,5.972,0.172,1.708,82.875,1.024,1.669,0.599,0.478,0.168,0.143,0.264,0.73,0.585
T03-G09,LIC_12,3,17.5,4,cream,purple,purple,1,352,369,372,377,LIC,17,3,255.07142857142858,61.83333333333333,193.23809523809524,10.866190476190475,7.0738095238095235,16.554761904761904,48.191144,804,-116.15621,Northern,130,3,0.498,4.9,0.26,1.355,67.529,0.936,1.306,0.766,0.604,0.176,0.164,0.3,0.68,0.648
T03-G11,JCP_03,1,17.2,4,cream,cream,purple,1,345,362,367,373,JCP,17,5,301.11904761904765,113.35714285714286,187.76190476190476,10.608571428571429,6.665079365079365,16.523809523809526,49.044619,865,-119.048655,Northern,128,3,0.448,5.242,0.205,1.636,84.24,0.986,1.613,0.62,0.458,0.134,0.161,0.252,0.755,0.671
T04-A01,BBU_12,2,10.6,2,cream,cream,lavender,1,331,341,349,367,BBU,10,8,254.5952380952381,43.023809523809526,211.57142857142858,10.246666666666666,5.853174603174603,16.836904761904762,43.73359,1704,-116.128678,Southern,139,3,1.3,8.887,0.207,2.379,95.14,1.772,1.177,0.849,0.492,0.273,0.287,0.483,1.256,1.149
T04-A05,OGP_13,2,16.6,4,cream,lavender,pink,0,317,333,335,338,OGP,16,2,284.61904761904765,107.07142857142857,177.54761904761904,10.905714285714286,6.918253968253968,16.886904761904763,49.04775,857,-119.558096,Northern,121,3,1.027,8.374,0.184,1.954,98.915,1.628,1.135,0.881,0.501,0.229,0.293,0.415,0.986,1.088
T04-A07,BRD_17,2,18.3,4,lavender,cream,purple,0,338,354,357,360,BRD,16,3,228.07142857142856,65.33333333333333,162.73809523809524,12.311428571428571,8.4515873015873,18.101190476190474,49.3268,606,-117.611818,Northern,113,3,0.905,7.117,0.224,2.055,85.969,1.357,1.132,0.883,0.494,0.26,0.229,0.415,0.915,1.05
T04-A09,LIC_13,1,21,4,cream,cream,pink,NA,345,364,369,370,LIC,19,5,255.07142857142858,61.83333333333333,193.23809523809524,10.866190476190475,7.0738095238095235,16.554761904761904,48.191144,804,-116.15621,Northern,130,3,1.369,8.887,0.218,1.915,78.898,1.552,1.011,0.989,0.68,0.376,0.385,0.649,0.956,0.901
T04-A11,STM_09,1,14.6,2,cream,lavender,purple,1,324,344,351,353,STM,20,7,368.5952380952381,106.23809523809524,262.35714285714283,11.062857142857142,6.655555555555556,17.673809523809524,42.693604,1635,-118.938725,Southern,146,3,0.898,10.712,0.098,2.495,97.289,1.515,1.603,0.624,0.375,0.216,0.224,0.394,0.855,0.962
T04-A13,JCP_04,2,20.3,3,cream,cream,lavender,1,331,345,350,355,JCP,14,5,301.11904761904765,113.35714285714286,187.76190476190476,10.608571428571429,6.665079365079365,16.523809523809526,49.044619,865,-119.048655,Northern,128,3,1.203,7.23,0.289,1.987,72.82,1.516,1.115,0.897,0.564,0.306,0.29,0.486,1.059,1.188
T04-B02,BRD_09,3,13.4,4,cream,cream,pink,1,331,340,344,347,BRD,9,4,228.07142857142856,65.33333333333333,162.73809523809524,12.311428571428571,8.4515873015873,18.101190476190474,49.3268,606,-117.611818,Northern,113,3,1.394,8.127,0.265,2.402,78.404,1.697,1.161,0.861,0.537,0.371,0.316,0.598,1.065,1.065
T04-B04,TIC_01,3,17.15,4,cream,pink,lavender,1,331,343,349,353,TIC,12,6,204.5952380952381,20.095238095238095,184.5,10.136190476190476,6.336507936507936,15.835714285714285,45.977422,1118,-118.033018,Central,135,3,1.002,7.394,0.23,1.905,75.124,1.415,1.392,0.719,0.527,0.172,0.26,0.49,0.973,1.082
T04-B06,OGP_19,1,16.4,4,cream,lavender,lavender,1,324,341,345,348,OGP,17,4,284.61904761904765,107.07142857142857,177.54761904761904,10.905714285714286,6.918253968253968,16.886904761904763,49.04775,857,-119.558096,Northern,121,3,1.14,8.265,0.21,2.209,84.338,1.586,1.193,0.838,0.534,0.255,0.292,0.58,1.021,0.852
T04-B08,STM_16,3,15.6,5,cream,lavender,purple,1,324,337,340,343,STM,13,3,368.5952380952381,106.23809523809524,262.35714285714283,11.062857142857142,6.655555555555556,17.673809523809524,42.693604,1635,-118.938725,Southern,146,3,1.097,7.738,0.23,1.983,66.828,1.462,1.173,0.853,0.561,0.235,0.235,0.614,1.047,1.001
T04-B10,MEB_10,6,25,4,cream,pink,purple,0,331,338,340,343,MEB,7,2,353.38095238095235,97.47619047619048,255.9047619047619,10.873809523809523,6.993650793650794,16.69404761904762,44.962502,1033,-118.959969,Central,141,3,1.432,10.385,0.167,2.477,73.536,1.821,1.163,0.86,0.506,0.33,0.309,0.574,1.126,1.235
T04-B12,SUC_09,1,6.2,2,lavender,cream,lavender,1,338,361,367,NA,SUC,23,6,379.23809523809524,106.64285714285714,272.5952380952381,11.518571428571429,6.885714285714286,18.46785714285714,43.223458,1498,-117.151153,Southern,146,NA,NA,NA,NA,NA,NA,NA,NA,NA,NA,NA,NA,NA,NA,NA
T04-B14,MEB_07,3,16.5,5,cream,cream,pink,1,317,333,341,343,MEB,16,8,353.38095238095235,97.47619047619048,255.9047619047619,10.873809523809523,6.993650793650794,16.69404761904762,44.962502,1033,-118.959969,Central,141,3,1.154,7.836,0.236,2.294,92.893,1.5,1.224,0.817,0.546,0.329,0.287,0.471,1.019,0.905
T04-C05,BBU_17,1,10.6,2,cream,cream,pink,0,324,345,351,NA,BBU,21,6,254.5952380952381,43.023809523809526,211.57142857142858,10.246666666666666,5.853174603174603,16.836904761904762,43.73359,1704,-116.128678,Southern,139,NA,NA,NA,NA,NA,NA,NA,NA,NA,NA,NA,NA,NA,NA,NA
T04-C07,BFF_03,2,10,2,pink,pink,pink,0,324,338,343,349,BFF,14,5,345.8571428571429,100.30952380952381,245.54761904761907,10.284761904761904,6.130952380952381,16.515476190476193,44.343006,1312,-119.302186,Central,146,3,0.803,7.955,0.159,2.418,90.744,1.364,2.099,0.476,0.391,0.127,0.128,0.408,1.109,1.016
T04-D02,TIC_12,2,15.2,6,pink,pink,purple,1,325,347,350,354,TIC,22,3,204.5952380952381,20.095238095238095,184.5,10.136190476190476,6.336507936507936,15.835714285714285,45.977422,1118,-118.033018,Central,135,3,1.582,9.686,0.212,2.646,96.154,1.96,1.188,0.842,0.505,0.295,0.251,0.622,1.211,1.302
T04-D04,MEB_09,2,25.8,6,cream,pink,pink,1,317,335,338,341,MEB,18,3,353.38095238095235,97.47619047619048,255.9047619047619,10.873809523809523,6.993650793650794,16.69404761904762,44.962502,1033,-118.959969,Central,141,3,1.768,10.697,0.194,2.734,80.65,1.874,1.18,0.848,0.526,0.393,0.474,0.657,1.417,1.405
T04-D06,STM_13,1,16.5,4,cream,cream,pink,1,324,339,343,346,STM,15,4,368.5952380952381,106.23809523809524,262.35714285714283,11.062857142857142,6.655555555555556,17.673809523809524,42.693604,1635,-118.938725,Southern,146,3,1.711,10.595,0.192,2.663,86.859,2.145,1.147,0.872,0.463,0.376,0.376,0.52,1.363,1.49
T04-D08,LRR_05,2,9.1,4,cream,cream,lavender,1,324,339,344,347,LRR,15,5,375.76190476190476,102.57142857142857,273.1904761904762,10.941904761904762,6.3769841269841265,17.789285714285715,42.959349,1546,-116.951582,Southern,154,3,1.393,9.708,0.186,2.41,89.328,1.744,1.232,0.812,0.531,0.276,0.303,0.608,1.271,1.171
T04-D10,BBU_20,2,12.9,2,lavender,lavender,lavender,1,324,348,354,363,BBU,24,6,254.5952380952381,43.023809523809526,211.57142857142858,10.246666666666666,5.853174603174603,16.836904761904762,43.73359,1704,-116.128678,Southern,139,3,0.835,8.218,0.155,2.519,115.952,1.135,2.188,0.457,0.476,0.175,0.151,0.217,1.341,1.041
T04-D12,BRD_01,3,23.2,1,cream,cream,purple,1,367,379,384,NA,BRD,12,5,228.07142857142856,65.33333333333333,162.73809523809524,12.311428571428571,8.4515873015873,18.101190476190474,49.3268,606,-117.611818,Northern,113,2,1.35,9.607,0.184,2.511,86.533,1.79,1.182,0.846,0.492,0.341,0.257,0.494,1.157,1.047
T04-E01,BBU_06,1,19.1,2,pink,cream,lavender,1,317,335,341,365,BBU,18,6,254.5952380952381,43.023809523809526,211.57142857142858,10.246666666666666,5.853174603174603,16.836904761904762,43.73359,1704,-116.128678,Southern,139,3,1.53,10.84,0.164,2.741,78.601,1.885,1.475,0.678,0.493,0.21,0.243,0.522,1.033,1.166
T04-E05,BBU_10,1,8.5,1,NA,NA,NA,NA,324,344,350,NA,BBU,20,6,254.5952380952381,43.023809523809526,211.57142857142858,10.246666666666666,5.853174603174603,16.836904761904762,43.73359,1704,-116.128678,Southern,139,NA,NA,NA,NA,NA,NA,NA,NA,NA,NA,NA,NA,NA,NA,NA
T04-E07,HES_19,1,11.7,2,purple,purple,purple,1,324,339,344,349,HES,15,5,289.07142857142856,71.42857142857143,217.64285714285714,11.379047619047618,7.496825396825397,17.202380952380953,47.342545,816,-116.787758,Central,127,3,1.099,8.884,0.175,2.369,110.597,1.53,1.442,0.694,0.5,0.237,0.235,0.589,1.006,0.991
T04-E09,BRD_06,2,21.8,2,cream,pink,pink,1,360,378,384,389,BRD,18,6,228.07142857142856,65.33333333333333,162.73809523809524,12.311428571428571,8.4515873015873,18.101190476190474,49.3268,606,-117.611818,Northern,113,3,0.313,4.384,0.205,1.339,92.327,0.8,1.504,0.665,0.442,0.146,0.158,0.205,0.761,0.778
T04-E11,BRD_14,2,20.1,1,cream,cream,pink,1,352,374,378,NA,BRD,22,4,228.07142857142856,65.33333333333333,162.73809523809524,12.311428571428571,8.4515873015873,18.101190476190474,49.3268,606,-117.611818,Northern,113,2,0.928,7.504,0.207,2.256,87.14,1.397,1.525,0.656,0.492,0.217,0.197,0.413,1.012,0.949
T04-E13,JCP_09,2,9.2,3,NA,NA,NA,NA,338,352,360,NA,JCP,14,8,301.11904761904765,113.35714285714286,187.76190476190476,10.608571428571429,6.665079365079365,16.523809523809526,49.044619,865,-119.048655,Northern,128,NA,NA,NA,NA,NA,NA,NA,NA,NA,NA,NA,NA,NA,NA,NA
T04-F02,SUC_14,3,15.9,4,cream,lavender,pink,1,324,337,342,345,SUC,13,5,379.23809523809524,106.64285714285714,272.5952380952381,11.518571428571429,6.885714285714286,18.46785714285714,43.223458,1498,-117.151153,Southern,146,3,1.174,9.027,0.181,2.095,86.364,1.602,1.216,0.823,0.57,0.261,0.299,0.559,1.037,0.75
T04-F06,BFF_09,3,4.7,2,pink,pink,lavender,1,331,344,344,351,BFF,13,0,345.8571428571429,100.30952380952381,245.54761904761907,10.284761904761904,6.130952380952381,16.515476190476193,44.343006,1312,-119.302186,Central,146,3,0.387,4.822,0.209,1.413,86.205,0.793,1.964,0.509,0.569,0.134,0.098,0.228,0.596,0.52
T04-F08,BBU_09,1,9.6,3,cream,lavender,lavender,1,317,336,340,345,BBU,19,4,254.5952380952381,43.023809523809526,211.57142857142858,10.246666666666666,5.853174603174603,16.836904761904762,43.73359,1704,-116.128678,Southern,139,3,1.398,9.664,0.188,2.415,84.851,1.689,1.265,0.79,0.552,0.311,0.305,0.576,0.957,1.116
T04-F10,KAB_14,1,18.2,3,pink,pink,lavender,1,338,360,363,367,KAB,22,3,267.4761904761905,61.547619047619044,205.92857142857142,10.74904761904762,6.961904761904762,16.429761904761904,46.866808,1002,-117.154731,Central,131,3,1.021,8.32,0.185,2.493,87.205,1.549,1.698,0.589,0.458,0.196,0.212,0.377,1.069,1.037
T04-F12,LRR_01,1,9.8,2,cream,cream,lavender,1,324,346,351,360,LRR,22,5,375.76190476190476,102.57142857142857,273.1904761904762,10.941904761904762,6.3769841269841265,17.789285714285715,42.959349,1546,-116.951582,Southern,154,3,1.034,7.402,0.237,1.846,99.838,1.39,1.336,0.748,0.58,0.325,0.316,0.569,0.901,0.98
T04-F14,PMS_10,1,7.7,3,cream,cream,lavender,1,324,345,349,NA,PMS,21,4,305.7142857142857,67.16666666666667,238.54761904761904,10.635238095238096,6.233333333333333,17.238095238095237,44.86463,1422,-116.62262,Central,145,5,1.489,8.975,0.232,2.269,89.603,1.779,1.148,0.871,0.569,0.359,0.318,0.505,1.417,0.928
T04-G01,BRD_02,1,8.4,2,lavender,cream,pink,1,345,365,369,NA,BRD,20,4,228.07142857142856,65.33333333333333,162.73809523809524,12.311428571428571,8.4515873015873,18.101190476190474,49.3268,606,-117.611818,Northern,113,2,0.639,6.955,0.166,1.953,93.156,1.21,1.284,0.779,0.422,0.195,0.195,0.265,0.883,0.837
T04-G05,JCP_18,2,16.5,6,cream,pink,pink,0,324,338,341,343,JCP,14,3,301.11904761904765,113.35714285714286,187.76190476190476,10.608571428571429,6.665079365079365,16.523809523809526,49.044619,865,-119.048655,Northern,128,3,1.244,7.896,0.251,2.109,105.838,1.591,1.153,0.868,0.541,0.477,0.408,0.407,1.18,1.085
T04-G07,BRD_13,2,12.1,3,lavender,lavender,pink,0,340,351,NA,366,BRD,11,NA,228.07142857142856,65.33333333333333,162.73809523809524,12.311428571428571,8.4515873015873,18.101190476190474,49.3268,606,-117.611818,Northern,113,3,0.98,7.392,0.225,2.062,105.979,1.429,1.262,0.793,0.533,0.226,0.265,0.389,0.883,1.071
T04-G09,CRE_01,3,11.2,4,cream,lavender,pink,0,352,374,376,381,CRE,22,2,267.9047619047619,89.02380952380952,178.88095238095238,11.997619047619049,8.247619047619049,17.622619047619047,49.128793,574,-116.635332,Northern,110,3,0.554,5.029,0.275,1.743,98.272,0.991,1.846,0.542,0.553,0.188,0.187,0.313,0.69,0.658
T04-G11,BBU_11,1,9.8,1,NA,NA,NA,NA,324,339,344,NA,BBU,15,5,254.5952380952381,43.023809523809526,211.57142857142858,10.246666666666666,5.853174603174603,16.836904761904762,43.73359,1704,-116.128678,Southern,139,NA,NA,NA,NA,NA,NA,NA,NA,NA,NA,NA,NA,NA,NA,NA
T04-G13,MEB_12,3,13.7,5,cream,cream,pink,1,324,337,338,340,MEB,13,1,353.38095238095235,97.47619047619048,255.9047619047619,10.873809523809523,6.993650793650794,16.69404761904762,44.962502,1033,-118.959969,Central,141,3,1.183,9.497,0.165,2.559,101.339,1.771,1.225,0.816,0.422,0.245,0.211,0.435,1.362,1.119
T05-A03,JCP_12,3,20.4,3,cream,lavender,purple,0,338,367,370,375,JCP,29,3,301.11904761904765,113.35714285714286,187.76190476190476,10.608571428571429,6.665079365079365,16.523809523809526,49.044619,865,-119.048655,Northern,128,3,1.213,7.95,0.241,2.027,99.332,1.516,1.023,0.977,0.563,0.296,0.265,0.59,1.152,1.148
T05-A05,JCP_14,2,14.9,3,cream,cream,purple,1,345,363,372,373,JCP,18,9,301.11904761904765,113.35714285714286,187.76190476190476,10.608571428571429,6.665079365079365,16.523809523809526,49.044619,865,-119.048655,Northern,128,3,0.999,7.936,0.199,1.792,91.141,1.447,1.088,0.919,0.574,0.275,0.224,0.507,0.946,0.994
T05-A07,BFF_06,1,6.7,3,pink,pink,pink,NA,317,338,343,NA,BFF,21,5,345.8571428571429,100.30952380952381,245.54761904761907,10.284761904761904,6.130952380952381,16.515476190476193,44.343006,1312,-119.302186,Central,146,3,0.919,9.622,0.125,2.809,104.773,1.593,1.695,0.59,0.342,0.22,0.217,0.255,1.278,1.341
T05-A09,BFF_17,1,7.1,1,purple,NA,purple,1,331,353,NA,NA,BFF,22,NA,345.8571428571429,100.30952380952381,245.54761904761907,10.284761904761904,6.130952380952381,16.515476190476193,44.343006,1312,-119.302186,Central,146,NA,NA,NA,NA,NA,NA,NA,NA,NA,NA,NA,NA,NA,NA,NA
T05-A11,MEB_01,2,12.4,4,cream,cream,purple,1,331,346,350,335,MEB,15,4,353.38095238095235,97.47619047619048,255.9047619047619,10.873809523809523,6.993650793650794,16.69404761904762,44.962502,1033,-118.959969,Central,141,3,1.155,8.419,0.205,2.407,92.07,1.524,1.494,0.669,0.525,0.245,0.209,0.521,0.926,0.84
T05-A13,LRR_12,1,6.1,5,cream,cream,lavender,1,317,332,337,340,LRR,15,5,375.76190476190476,102.57142857142857,273.1904761904762,10.941904761904762,6.3769841269841265,17.789285714285715,42.959349,1546,-116.951582,Southern,154,3,1.599,10.178,0.194,2.55,88.363,1.858,1.149,0.87,0.512,0.422,0.415,0.632,1.348,1.322
T05-B02,HES_05,2,15.1,6,pink,pink,pink,0,318,336,339,342,HES,18,3,289.07142857142856,71.42857142857143,217.64285714285714,11.379047619047618,7.496825396825397,17.202380952380953,47.342545,816,-116.787758,Central,127,3,0.952,8.311,0.173,2.19,86.197,1.557,1.209,0.827,0.459,0.229,0.273,0.437,0.974,0.912
T05-B04,OGP_16,2,9.1,4,cream,cream,purple,0,360,384,385,390,OGP,24,1,284.61904761904765,107.07142857142857,177.54761904761904,10.905714285714286,6.918253968253968,16.886904761904763,49.04775,857,-119.558096,Northern,121,3,0.953,7.558,0.21,1.956,88.788,1.522,1.268,0.789,0.517,0.172,0.169,0.503,0.972,1.003
T05-B08,BBU_05,1,8.7,4,cream,pink,lavender,1,324,345,351,357,BBU,21,6,254.5952380952381,43.023809523809526,211.57142857142858,10.246666666666666,5.853174603174603,16.836904761904762,43.73359,1704,-116.128678,Southern,139,3,1.138,7.709,0.241,2.253,13.438,1.559,1.339,0.747,0.529,0.322,0.313,0.416,1.084,0.859
T05-B10,KAB_02,1,10.9,4,pink,pink,lavender,0,345,369,374,382,KAB,24,5,267.4761904761905,61.547619047619044,205.92857142857142,10.74904761904762,6.961904761904762,16.429761904761904,46.866808,1002,-117.154731,Central,131,3,0.666,6.992,0.171,1.706,99.538,1.158,1.342,0.745,0.558,0.234,0.226,0.373,0.639,0.645
T05-B12,BBU_03,1,9.5,1,cream,cream,lavender,1,345,374,375,NA,BBU,29,1,254.5952380952381,43.023809523809526,211.57142857142858,10.246666666666666,5.853174603174603,16.836904761904762,43.73359,1704,-116.128678,Southern,139,2,0.468,4.595,0.278,1.501,96.959,0.806,1.71,0.585,0.588,0.186,0.143,0.198,0.598,0.599
T05-B14,OGP_17,3,9.5,4,cream,lavender,pink,1,338,349,352,357,OGP,11,3,284.61904761904765,107.07142857142857,177.54761904761904,10.905714285714286,6.918253968253968,16.886904761904763,49.04775,857,-119.558096,Northern,121,3,0.878,7.305,0.207,2.017,119.758,1.413,1.224,0.817,0.494,0.24,0.206,0.411,0.881,0.911
T05-C01,PMS_04,1,3.6,2,cream,cream,lavender,1,324,342,345,348,PMS,18,3,305.7142857142857,67.16666666666667,238.54761904761904,10.635238095238096,6.233333333333333,17.238095238095237,44.86463,1422,-116.62262,Central,145,3,1.23,8.816,0.199,2.088,107.959,1.56,1.169,0.856,0.56,0.305,0.293,0.45,1.018,1.056
T05-C03,CRE_02,3,26.5,4,cream,cream,pink,1,338,357,361,365,CRE,19,4,267.9047619047619,89.02380952380952,178.88095238095238,11.997619047619049,8.247619047619049,17.622619047619047,49.128793,574,-116.635332,Northern,110,3,1.096,7.468,0.247,2.359,78.103,1.499,1.536,0.651,0.525,0.218,0.243,0.484,0.983,0.874
T05-C05,MEB_15,1,13.3,3,cream,pink,pink,1,324,346,348,350,MEB,22,2,353.38095238095235,97.47619047619048,255.9047619047619,10.873809523809523,6.993650793650794,16.69404761904762,44.962502,1033,-118.959969,Central,141,3,0.714,7.002,0.183,1.966,120.74,1.271,1.506,0.664,0.45,0.212,0.21,0.345,0.768,1.042
T05-C07,TIC_08,2,20,3,purple,purple,lavender,1,324,342,345,349,TIC,18,3,204.5952380952381,20.095238095238095,184.5,10.136190476190476,6.336507936507936,15.835714285714285,45.977422,1118,-118.033018,Central,135,3,2.413,11.795,0.218,3.013,95.971,2.337,1.046,0.956,0.53,0.383,0.415,0.922,1.551,1.595
T05-C09,PMS_09,4,7.5,5,cream,cream,purple,1,317,323,324,329,PMS,6,1,305.7142857142857,67.16666666666667,238.54761904761904,10.635238095238096,6.233333333333333,17.238095238095237,44.86463,1422,-116.62262,Central,145,4,1.165,8.128,0.222,2.18,37.749,1.689,1.478,0.677,0.496,0.253,0.23,0.424,0.908,1.207
T05-C11,LIC_19,2,18.1,3,cream,cream,lavender,0,380,401,406,411,LIC,21,5,255.07142857142858,61.83333333333333,193.23809523809524,10.866190476190475,7.0738095238095235,16.554761904761904,48.191144,804,-116.15621,Northern,130,3,1.125,9.037,0.173,2.211,101.172,1.577,1.286,0.777,0.501,0.277,0.342,0.556,1,0.999
T05-C13,LRR_02,2,11.3,3,cream,lavender,lavender,1,324,336,339,343,LRR,12,3,375.76190476190476,102.57142857142857,273.1904761904762,10.941904761904762,6.3769841269841265,17.789285714285715,42.959349,1546,-116.951582,Southern,154,3,1.029,7.464,0.232,2.079,89.009,1.355,1.565,0.639,0.56,0.222,0.23,0.547,0.974,0.927
T05-D02,FUR_04,2,14.4,4,cream,cream,pink,1,324,337,341,343,FUR,13,4,140.92857142857142,10.547619047619047,130.38095238095238,8.63047619047619,4.662698412698413,14.582142857142856,45.746923,1521,-116.144028,Central,154,3,2.176,11.563,0.205,2.55,171.893,2.229,1.11,0.901,0.565,0.507,0.448,0.713,1.249,1.356
T05-D04,PMS_02,2,6.4,3,cream,lavender,lavender,1,317,334,336,338,PMS,17,2,305.7142857142857,67.16666666666667,238.54761904761904,10.635238095238096,6.233333333333333,17.238095238095237,44.86463,1422,-116.62262,Central,145,3,1.392,8.619,0.235,2.094,94.147,1.656,1.099,0.91,0.579,0.294,0.27,0.545,1.209,1.224
T05-D06,LRR_07,2,10.4,6,cream,cream,lavender,1,317,334,336,340,LRR,17,2,375.76190476190476,102.57142857142857,273.1904761904762,10.941904761904762,6.3769841269841265,17.789285714285715,42.959349,1546,-116.951582,Southern,154,3,2.107,11.949,0.185,2.86,93.717,2.17,1.206,0.829,0.536,0.342,0.337,0.724,1.325,1.47
T05-D08,CRE_12,3,24,2,cream,cream,pink,1,338,367,372,377,CRE,29,5,267.9047619047619,89.02380952380952,178.88095238095238,11.997619047619049,8.247619047619049,17.622619047619047,49.128793,574,-116.635332,Northern,110,3,1.338,9.754,0.177,2.382,66.949,1.795,1.03,0.971,0.523,0.379,0.315,0.469,0.964,0.921
T05-D10,MEB_05,3,19.4,2,cream,cream,purple,1,331,347,347,353,MEB,16,0,353.38095238095235,97.47619047619048,255.9047619047619,10.873809523809523,6.993650793650794,16.69404761904762,44.962502,1033,-118.959969,Central,141,3,2.516,10.816,0.27,2.989,61.118,2.193,1.196,0.836,0.594,0.458,0.497,0.873,1.801,1.044
T05-D12,TIC_03,2,24.2,4,purple,purple,purple,1,338,353,360,362,TIC,15,7,204.5952380952381,20.095238095238095,184.5,10.136190476190476,6.336507936507936,15.835714285714285,45.977422,1118,-118.033018,Central,135,3,1.346,10.051,0.167,2.236,95.936,1.763,1.158,0.863,0.517,0.304,0.284,0.654,1.152,1.116
T05-D14,MEB_19,3,12.8,4,cream,cream,purple,0,345,362,365,369,MEB,17,3,353.38095238095235,97.47619047619048,255.9047619047619,10.873809523809523,6.993650793650794,16.69404761904762,44.962502,1033,-118.959969,Central,141,3,1.376,9.609,0.187,2.175,95.989,1.67,1.141,0.877,0.598,0.316,0.333,0.603,0.913,0.84
T05-E03,FUR_02,2,11.8,1,pink,purple,pink,1,367,386,390,NA,FUR,19,4,140.92857142857142,10.547619047619047,130.38095238095238,8.63047619047619,4.662698412698413,14.582142857142856,45.746923,1521,-116.144028,Central,154,2,1.017,8.434,0.18,2.304,92.944,1.559,1.36,0.735,0.455,0.222,0.212,0.364,1.246,0.914
T05-E05,HES_07,1,17.5,3,pink,pink,pink,1,318,336,340,343,HES,18,4,289.07142857142856,71.42857142857143,217.64285714285714,11.379047619047618,7.496825396825397,17.202380952380953,47.342545,816,-116.787758,Central,127,3,1.12,8.972,0.175,2.389,91.898,1.411,1.989,0.503,0.534,0.208,0.216,0.534,0.847,0.759
T05-E07,SUC_06,3,13.1,5,cream,pink,lavender,0,324,341,343,346,SUC,17,2,379.23809523809524,106.64285714285714,272.5952380952381,11.518571428571429,6.885714285714286,18.46785714285714,43.223458,1498,-117.151153,Southern,146,3,1.26,9.006,0.195,2.416,68.575,1.56,1.649,0.607,0.544,0.241,0.221,0.589,0.887,0.823
T05-E09,LIC_15,1,17.3,3,NA,NA,NA,NA,367,393,399,NA,LIC,26,6,255.07142857142858,61.83333333333333,193.23809523809524,10.866190476190475,7.0738095238095235,16.554761904761904,48.191144,804,-116.15621,Northern,130,NA,NA,NA,NA,NA,NA,NA,NA,NA,NA,NA,NA,NA,NA,NA
T05-E11,OGP_05,2,14.6,1,cream,purple,purple,1,338,360,363,NA,OGP,22,3,284.61904761904765,107.07142857142857,177.54761904761904,10.905714285714286,6.918253968253968,16.886904761904763,49.04775,857,-119.558096,Northern,121,NA,NA,NA,NA,NA,NA,NA,NA,NA,NA,NA,NA,NA,NA,NA
T05-E13,BFF_01,2,6.4,1,NA,NA,NA,NA,324,352,345,NA,BFF,28,-7,345.8571428571429,100.30952380952381,245.54761904761907,10.284761904761904,6.130952380952381,16.515476190476193,44.343006,1312,-119.302186,Central,146,NA,NA,NA,NA,NA,NA,NA,NA,NA,NA,NA,NA,NA,NA,NA
T05-F02,PMS_07,5,7.9,5,cream,cream,lavender,0,317,323,326,329,PMS,6,3,305.7142857142857,67.16666666666667,238.54761904761904,10.635238095238096,6.233333333333333,17.238095238095237,44.86463,1422,-116.62262,Central,145,4,0.874,8.408,0.155,1.954,140.72,1.479,1.309,0.764,0.451,0.244,0.253,0.372,0.922,1.045
T05-F04,TIC_04,2,4.7,7,lavender,lavender,pink,1,331,353,364,364,TIC,22,11,204.5952380952381,20.095238095238095,184.5,10.136190476190476,6.336507936507936,15.835714285714285,45.977422,1118,-118.033018,Central,135,3,0.548,5.601,0.219,1.604,102.078,0.971,1.678,0.596,0.571,0.175,0.186,0.383,0.648,0.652
T05-F06,FUR_05,2,15.1,4,pink,pink,pink,1,331,347,350,354,FUR,16,3,140.92857142857142,10.547619047619047,130.38095238095238,8.63047619047619,4.662698412698413,14.582142857142856,45.746923,1521,-116.144028,Central,154,3,1.492,8.655,0.25,2.42,97.916,1.712,1.167,0.857,0.595,0.416,0.448,0.58,0.936,1.169
T05-F08,BBU_08,2,12.1,2,cream,pink,pink,NA,331,345,350,365,BBU,14,5,254.5952380952381,43.023809523809526,211.57142857142858,10.246666666666666,5.853174603174603,16.836904761904762,43.73359,1704,-116.128678,Southern,139,3,2.247,10.778,0.243,2.977,85.655,2.321,1.182,0.846,0.521,0.377,0.357,0.813,1.356,1.493
T05-F10,FUR_01,1,7.8,5,cream,cream,pink,0,324,341,344,347,FUR,17,3,140.92857142857142,10.547619047619047,130.38095238095238,8.63047619047619,4.662698412698413,14.582142857142856,45.746923,1521,-116.144028,Central,154,3,1.589,9.054,0.244,2.685,77.853,1.732,1.268,0.788,0.557,0.322,0.391,0.432,1.224,0.937
T05-F12,GPN_15,2,12,5,cream,lavender,purple,1,352,370,374,378,GPN,18,4,266.26190476190476,86.97619047619048,179.28571428571428,12.305238095238096,8.403174603174604,18.15833333333333,49.136969,671,-118.246906,Northern,117,3,1.795,9.644,0.242,2.396,98.973,1.89,1.008,0.992,0.626,0.478,0.441,0.886,1.069,0.952
T05-F14,STM_12,2,10,3,cream,lavender,pink,1,331,347,354,357,STM,16,7,368.5952380952381,106.23809523809524,262.35714285714283,11.062857142857142,6.655555555555556,17.673809523809524,42.693604,1635,-118.938725,Southern,146,3,1.5,9.326,0.217,2.372,40.677,1.853,1.244,0.804,0.542,0.317,0.246,0.586,1.232,1.113
T05-G01,GPN_19,3,21.4,3,lavender,pink,pink,1,345,361,365,367,GPN,16,4,266.26190476190476,86.97619047619048,179.28571428571428,12.305238095238096,8.403174603174604,18.15833333333333,49.136969,671,-118.246906,Northern,117,4,1.102,8.202,0.206,2.058,103.698,1.586,1.045,0.956,0.543,0.254,0.273,0.538,1.011,0.938
T05-G03,BRD_15,1,13,2,pink,lavender,pink,1,348,348,354,360,BRD,0,6,228.07142857142856,65.33333333333333,162.73809523809524,12.311428571428571,8.4515873015873,18.101190476190474,49.3268,606,-117.611818,Northern,113,3,0.784,7.934,0.156,2.041,84.968,1.42,1.405,0.712,0.445,0.26,0.259,0.324,0.847,0.703
T05-G05,TIC_17,5,8.6,4,pink,lavender,purple,1,324,340,344,347,TIC,16,4,204.5952380952381,20.095238095238095,184.5,10.136190476190476,6.336507936507936,15.835714285714285,45.977422,1118,-118.033018,Central,135,3,0.858,6.961,0.223,2.104,145.064,1.32,1.746,0.573,0.518,0.202,0.182,0.44,0.821,0.724
T05-G07,GPN_10,2,32.3,6,lavender,lavender,pink,1,389,407,408,410,GPN,18,1,266.26190476190476,86.97619047619048,179.28571428571428,12.305238095238096,8.403174603174604,18.15833333333333,49.136969,671,-118.246906,Northern,117,3,0.171,3.079,0.227,1.089,94.062,0.463,3.228,0.31,0.591,0.091,0.094,0.135,0.294,0.29
T05-G09,FUR_08,2,15.6,3,pink,pink,lavender,1,331,349,353,355,FUR,18,4,140.92857142857142,10.547619047619047,130.38095238095238,8.63047619047619,4.662698412698413,14.582142857142856,45.746923,1521,-116.144028,Central,154,3,1.35,8.546,0.232,2.409,86.952,1.597,1.394,0.717,0.583,0.301,0.269,0.534,1.055,0.952
T05-G11,GPN_03,2,13.8,7,cream,purple,purple,0,389,407,408,412,GPN,18,1,266.26190476190476,86.97619047619048,179.28571428571428,12.305238095238096,8.403174603174604,18.15833333333333,49.136969,671,-118.246906,Northern,117,3,0.374,4.467,0.236,1.431,81.693,0.74,1.994,0.502,0.595,0.147,0.187,0.295,0.507,0.605
T05-G13,PMS_03,2,10,6,cream,cream,lavender,1,317,321,322,325,PMS,4,1,305.7142857142857,67.16666666666667,238.54761904761904,10.635238095238096,6.233333333333333,17.238095238095237,44.86463,1422,-116.62262,Central,145,3,1.557,10.099,0.192,2.748,82.8,1.857,1.446,0.692,0.473,0.34,0.279,0.42,1.195,1.277
T06-A01,GPN_20,2,9.2,4,lavender,lavender,purple,1,345,364,365,369,GPN,19,1,266.26190476190476,86.97619047619048,179.28571428571428,12.305238095238096,8.403174603174604,18.15833333333333,49.136969,671,-118.246906,Northern,117,3,1.406,10.747,0.153,2.598,85.494,1.731,1.332,0.751,0.527,0.349,0.373,0.517,1.092,1.011
T06-A03,SUC_03,3,9.9,4,cream,cream,lavender,1,317,328,331,333,SUC,11,3,379.23809523809524,106.64285714285714,272.5952380952381,11.518571428571429,6.885714285714286,18.46785714285714,43.223458,1498,-117.151153,Southern,146,3,1.189,7.571,0.261,2.068,155.944,1.543,1.176,0.85,0.587,0.275,0.242,0.485,1.047,1.023
T06-A05,BFF_18,1,7,2,pink,pink,lavender,0,329,354,362,377,BFF,25,8,345.8571428571429,100.30952380952381,245.54761904761907,10.284761904761904,6.130952380952381,16.515476190476193,44.343006,1312,-119.302186,Central,146,4,1.025,8.894,0.163,2.359,87.208,1.716,1.398,0.715,0.401,0.224,0.203,0.448,1.117,1.06
T06-A07,STM_10,1,14.6,4,cream,lavender,pink,1,318,335,339,342,STM,17,4,368.5952380952381,106.23809523809524,262.35714285714283,11.062857142857142,6.655555555555556,17.673809523809524,42.693604,1635,-118.938725,Southern,146,3,1.593,9.849,0.206,2.401,86.375,1.832,1.109,0.902,0.529,0.372,0.385,0.62,1.408,1.439
T06-A09,STM_02,1,13.6,3,cream,lavender,purple,1,324,342,346,350,STM,18,4,368.5952380952381,106.23809523809524,262.35714285714283,11.062857142857142,6.655555555555556,17.673809523809524,42.693604,1635,-118.938725,Southern,146,3,1.331,9.197,0.198,2.235,173.258,1.78,1.319,0.758,0.509,0.231,0.151,0.809,1.195,1.27
T06-A11,OGP_02,1,17.9,5,cream,cream,pink,1,345,360,363,367,OGP,15,3,284.61904761904765,107.07142857142857,177.54761904761904,10.905714285714286,6.918253968253968,16.886904761904763,49.04775,857,-119.558096,Northern,121,3,0.795,7.963,0.157,2.19,101.49,1.421,1.555,0.643,0.421,0.212,0.17,0.351,0.962,1.017
T06-A13,PMS_16,3,6.6,7,cream,cream,lavender,1,317,329,330,334,PMS,12,1,305.7142857142857,67.16666666666667,238.54761904761904,10.635238095238096,6.233333333333333,17.238095238095237,44.86463,1422,-116.62262,Central,145,3,1.14,7.895,0.23,2.076,140.759,1.692,1.032,0.969,0.504,0.284,0.261,0.421,1.104,1.046
T06-B02,TIC_16,3,16.8,3,purple,lavender,purple,1,324,342,343,346,TIC,18,1,204.5952380952381,20.095238095238095,184.5,10.136190476190476,6.336507936507936,15.835714285714285,45.977422,1118,-118.033018,Central,135,3,1.6,9.648,0.216,2.455,93.374,1.829,1.27,0.787,0.538,0.291,0.312,0.727,1.323,1.164
T06-B04,JCP_15,1,19.5,5,cream,cream,pink,1,331,348,354,357,JCP,17,6,301.11904761904765,113.35714285714286,187.76190476190476,10.608571428571429,6.665079365079365,16.523809523809526,49.044619,865,-119.048655,Northern,128,3,1.26,7.928,0.252,2.13,133.214,1.524,1.118,0.894,0.561,0.378,0.326,0.704,1.112,1.163
T06-B06,KAB_08,1,6,2,cream,cream,lavender,0,373,399,405,410,KAB,26,6,267.4761904761905,61.547619047619044,205.92857142857142,10.74904761904762,6.961904761904762,16.429761904761904,46.866808,1002,-117.154731,Central,131,3,1.097,8.92,0.173,2.332,83.126,1.622,1.36,0.735,0.487,0.254,0.224,0.492,0.969,0.966
T06-B08,LRR_09,2,14.4,4,pink,lavender,lavender,1,324,339,343,348,LRR,15,4,375.76190476190476,102.57142857142857,273.1904761904762,10.941904761904762,6.3769841269841265,17.789285714285715,42.959349,1546,-116.951582,Southern,154,3,1.583,10.499,0.18,2.763,81.589,1.861,1.211,0.826,0.498,0.362,0.337,0.539,1.253,1.194
T06-B10,TIC_13,1,15.5,3,purple,purple,purple,1,331,347,355,360,TIC,16,8,204.5952380952381,20.095238095238095,184.5,10.136190476190476,6.336507936507936,15.835714285714285,45.977422,1118,-118.033018,Central,135,3,1.643,11.391,0.159,2.957,91.71,1.683,1.637,0.611,0.57,0.414,0.392,0.63,0.881,0.813
T06-B12,SUC_10,1,8.8,4,cream,cream,lavender,NA,324,341,346,351,SUC,17,5,379.23809523809524,106.64285714285714,272.5952380952381,11.518571428571429,6.885714285714286,18.46785714285714,43.223458,1498,-117.151153,Southern,146,3,1.301,7.822,0.267,1.833,7.479,1.492,1.044,0.957,0.691,0.374,0.304,0.72,0.976,1.031
T06-B14,KAB_07,3,15.4,4,cream,cream,lavender,1,352,370,374,378,KAB,18,4,267.4761904761905,61.547619047619044,205.92857142857142,10.74904761904762,6.961904761904762,16.429761904761904,46.866808,1002,-117.154731,Central,131,3,0.841,7.079,0.211,2.022,98.463,1.365,1.353,0.739,0.525,0.204,0.216,0.421,0.876,0.874
T06-C03,PMS_11,4,6.6,4,cream,cream,lavender,1,317,324,327,331,PMS,7,3,305.7142857142857,67.16666666666667,238.54761904761904,10.635238095238096,6.233333333333333,17.238095238095237,44.86463,1422,-116.62262,Central,145,3,1.167,7.282,0.277,2.052,80.932,1.48,1.039,0.963,0.607,0.362,0.388,0.429,0.96,0.971
T06-C05,BBU_19,1,9,2,pink,lavender,lavender,1,338,355,367,NA,BBU,17,12,254.5952380952381,43.023809523809526,211.57142857142858,10.246666666666666,5.853174603174603,16.836904761904762,43.73359,1704,-116.128678,Southern,139,NA,NA,NA,NA,NA,NA,NA,NA,NA,NA,NA,NA,NA,NA,NA
T06-C07,BFF_20,2,9.6,3,pink,pink,pink,1,331,343,349,363,BFF,12,6,345.8571428571429,100.30952380952381,245.54761904761907,10.284761904761904,6.130952380952381,16.515476190476193,44.343006,1312,-119.302186,Central,146,3,0.976,8.724,0.161,2.318,83.853,1.576,1.61,0.621,0.453,0.19,0.155,0.457,1.135,0.916
T06-C09,FUR_03,1,18.6,1,NA,NA,NA,NA,317,335,342,NA,FUR,18,7,140.92857142857142,10.547619047619047,130.38095238095238,8.63047619047619,4.662698412698413,14.582142857142856,45.746923,1521,-116.144028,Central,154,NA,NA,NA,NA,NA,NA,NA,NA,NA,NA,NA,NA,NA,NA,NA
T06-C11,FUR_20,1,7,5,cream,cream,pink,1,338,364,369,371,FUR,26,5,140.92857142857142,10.547619047619047,130.38095238095238,8.63047619047619,4.662698412698413,14.582142857142856,45.746923,1521,-116.144028,Central,154,3,0.729,5.772,0.275,1.595,83.275,1.078,1.675,0.597,0.611,0.319,0.308,0.269,0.571,0.572
T06-C13,TIC_10,1,19.9,3,cream,cream,pink,1,338,360,363,393,TIC,22,3,204.5952380952381,20.095238095238095,184.5,10.136190476190476,6.336507936507936,15.835714285714285,45.977422,1118,-118.033018,Central,135,NA,NA,NA,NA,NA,NA,NA,NA,NA,NA,NA,NA,NA,NA,NA
T06-D04,BRD_20,2,31.2,4,cream,purple,purple,0,367,382,386,390,BRD,15,4,228.07142857142856,65.33333333333333,162.73809523809524,12.311428571428571,8.4515873015873,18.101190476190474,49.3268,606,-117.611818,Northern,113,3,0.935,8.177,0.176,2.161,91.478,1.572,1.104,0.905,0.437,0.27,0.226,0.467,0.957,0.963
T06-D06,MEB_06,2,13.7,2,cream,lavender,pink,1,324,341,344,347,MEB,17,3,353.38095238095235,97.47619047619048,255.9047619047619,10.873809523809523,6.993650793650794,16.69404761904762,44.962502,1033,-118.959969,Central,141,3,1.474,11.852,0.132,2.774,89.576,1.636,1.69,0.592,0.508,0.228,0.249,0.441,0.853,0.849
T06-D08,BFF_10,2,13.5,3,cream,lavender,lavender,0,317,331,336,340,BFF,14,5,345.8571428571429,100.30952380952381,245.54761904761907,10.284761904761904,6.130952380952381,16.515476190476193,44.343006,1312,-119.302186,Central,146,3,1.485,10.721,0.162,2.783,94.503,1.897,1.416,0.706,0.472,0.273,0.244,0.751,1.248,1.009
T06-D10,BBU_01,1,9.1,4,pink,pink,lavender,1,324,339,342,346,BBU,15,3,254.5952380952381,43.023809523809526,211.57142857142858,10.246666666666666,5.853174603174603,16.836904761904762,43.73359,1704,-116.128678,Southern,139,3,0.983,7.278,0.233,2.222,112.354,1.327,1.725,0.58,0.546,0.245,0.248,0.331,0.916,0.769
T06-D12,JCP_07,1,29.6,3,cream,lavender,purple,1,380,402,409,NA,JCP,22,7,301.11904761904765,113.35714285714286,187.76190476190476,10.608571428571429,6.665079365079365,16.523809523809526,49.044619,865,-119.048655,Northern,128,NA,NA,NA,NA,NA,NA,NA,NA,NA,NA,NA,NA,NA,NA,NA
T06-D14,STM_07,2,21.2,5,cream,lavender,pink,0,317,332,334,336,STM,15,2,368.5952380952381,106.23809523809524,262.35714285714283,11.062857142857142,6.655555555555556,17.673809523809524,42.693604,1635,-118.938725,Southern,146,3,1.592,8.689,0.265,2.43,6.517,1.891,1.101,0.908,0.553,0.33,0.291,0.642,1.214,1.271
T06-E01,KAB_04,1,18,2,purple,lavender,lavender,1,338,357,362,367,KAB,19,5,267.4761904761905,61.547619047619044,205.92857142857142,10.74904761904762,6.961904761904762,16.429761904761904,46.866808,1002,-117.154731,Central,131,3,0.937,7.689,0.199,2.161,88.507,1.338,1.745,0.573,0.527,0.205,0.223,0.542,0.912,0.813
T06-E03,SUC_05,1,6.4,4,cream,cream,lavender,1,324,348,352,357,SUC,24,4,379.23809523809524,106.64285714285714,272.5952380952381,11.518571428571429,6.885714285714286,18.46785714285714,43.223458,1498,-117.151153,Southern,146,3,0.462,5.228,0.213,1.383,24.023,0.957,1.441,0.694,0.55,0.175,0.143,0.257,0.595,0.604
T06-E05,JCP_17,1,13.1,3,lavender,lavender,purple,0,331,350,355,361,JCP,19,5,301.11904761904765,113.35714285714286,187.76190476190476,10.608571428571429,6.665079365079365,16.523809523809526,49.044619,865,-119.048655,Northern,128,3,1,7.673,0.213,2.095,90.942,1.464,1.16,0.862,0.508,0.258,0.266,0.436,0.97,0.971
T06-E07,STM_08,3,16.2,8,cream,cream,pink,0,317,333,336,337,STM,16,3,368.5952380952381,106.23809523809524,262.35714285714283,11.062857142857142,6.655555555555556,17.673809523809524,42.693604,1635,-118.938725,Southern,146,3,2.551,12.707,0.199,2.884,88.872,2.259,1.119,0.894,0.599,0.512,0.591,0.804,1.439,1.268
T06-E09,GPN_18,2,10.4,2,NA,NA,NA,NA,331,348,377,NA,GPN,17,29,266.26190476190476,86.97619047619048,179.28571428571428,12.305238095238096,8.403174603174604,18.15833333333333,49.136969,671,-118.246906,Northern,117,NA,NA,NA,NA,NA,NA,NA,NA,NA,NA,NA,NA,NA,NA,NA
T06-E11,BBU_15,1,7.9,2,pink,lavender,pink,1,324,345,350,360,BBU,21,5,254.5952380952381,43.023809523809526,211.57142857142858,10.246666666666666,5.853174603174603,16.836904761904762,43.73359,1704,-116.128678,Southern,139,3,0.951,8.35,0.171,2.445,97.107,1.519,1.588,0.63,0.446,0.25,0.216,0.317,1.004,0.978
T06-E13,KAB_13,1,12.5,2,cream,pink,lavender,0,345,363,369,373,KAB,18,6,267.4761904761905,61.547619047619044,205.92857142857142,10.74904761904762,6.961904761904762,16.429761904761904,46.866808,1002,-117.154731,Central,131,3,0.565,5.867,0.206,1.644,98.166,1.103,1.433,0.698,0.489,0.18,0.161,0.33,0.933,0.963
T06-F02,LRR_03,2,6.1,3,cream,cream,lavender,1,345,365,370,373,LRR,20,5,375.76190476190476,102.57142857142857,273.1904761904762,10.941904761904762,6.3769841269841265,17.789285714285715,42.959349,1546,-116.951582,Southern,154,3,0.621,5.812,0.231,1.642,91.469,1.096,1.317,0.759,0.57,0.175,0.198,0.298,0.673,0.799
T06-F06,SUC_15,1,4.5,3,cream,cream,lavender,0,324,343,347,350,SUC,19,4,379.23809523809524,106.64285714285714,272.5952380952381,11.518571428571429,6.885714285714286,18.46785714285714,43.223458,1498,-117.151153,Southern,146,3,0.217,3.226,0.262,1.105,109.952,0.546,2.656,0.377,0.597,0.094,0.09,0.19,0.486,0.436
T06-F08,KAB_18,4,3.1,3,cream,pink,lavender,1,360,382,383,386,KAB,22,1,267.4761904761905,61.547619047619044,205.92857142857142,10.74904761904762,6.961904761904762,16.429761904761904,46.866808,1002,-117.154731,Central,131,3,0.243,3.416,0.262,1.164,98.46,0.58,2.506,0.399,0.592,0.083,0.098,0.245,0.479,0.414
T06-F10,LIC_11,1,10,4,cream,purple,purple,0,360,381,386,390,LIC,21,5,255.07142857142858,61.83333333333333,193.23809523809524,10.866190476190475,7.0738095238095235,16.554761904761904,48.191144,804,-116.15621,Northern,130,3,1.09,6.926,0.286,1.968,92.842,1.428,1.352,0.74,0.638,0.238,0.284,0.749,0.866,0.81
T06-F12,HES_13,2,13.6,5,pink,pink,pink,1,331,350,355,357,HES,19,5,289.07142857142856,71.42857142857143,217.64285714285714,11.379047619047618,7.496825396825397,17.202380952380953,47.342545,816,-116.787758,Central,127,3,0.775,7.692,0.165,2.153,87.886,1.411,1.9,0.526,0.426,0.191,0.157,0.458,0.94,0.909
T06-F14,KAB_10,1,6.3,4,purple,pink,lavender,1,331,351,356,360,KAB,20,5,267.4761904761905,61.547619047619044,205.92857142857142,10.74904761904762,6.961904761904762,16.429761904761904,46.866808,1002,-117.154731,Central,131,3,0.726,6.21,0.237,1.707,85.041,1.155,1.426,0.701,0.607,0.224,0.182,0.496,0.641,0.707
T06-G01,LRR_06,2,10.8,5,pink,lavender,lavender,1,324,335,337,341,LRR,11,2,375.76190476190476,102.57142857142857,273.1904761904762,10.941904761904762,6.3769841269841265,17.789285714285715,42.959349,1546,-116.951582,Southern,154,3,1.582,10.297,0.188,2.224,105.899,1.939,1.013,0.987,0.536,0.37,0.318,0.627,1.237,1.023
T06-G03,HES_17,4,19.4,3,lavender,lavender,lavender,1,345,361,365,369,HES,16,4,289.07142857142856,71.42857142857143,217.64285714285714,11.379047619047618,7.496825396825397,17.202380952380953,47.342545,816,-116.787758,Central,127,3,1.403,9.872,0.181,2.491,96.161,1.759,1.348,0.742,0.532,0.288,0.268,0.642,1.136,1.055
T06-G05,BRD_07,1,11.4,3,cream,cream,pink,1,373,396,401,403,BRD,23,5,228.07142857142856,65.33333333333333,162.73809523809524,12.311428571428571,8.4515873015873,18.101190476190474,49.3268,606,-117.611818,Northern,113,3,1.047,7.27,0.249,2.068,93.003,1.444,1.209,0.827,0.561,0.318,0.337,0.417,0.909,0.812
T06-G09,FUR_15,2,12.1,3,cream,cream,purple,1,345,361,364,373,FUR,16,3,140.92857142857142,10.547619047619047,130.38095238095238,8.63047619047619,4.662698412698413,14.582142857142856,45.746923,1521,-116.144028,Central,154,3,1.064,8.007,0.209,2.093,101.467,1.42,1.336,0.749,0.598,0.279,0.253,0.337,0.91,0.772
T06-G11,MEB_08,2,18.7,5,cream,pink,pink,1,324,338,343,NA,MEB,14,5,353.38095238095235,97.47619047619048,255.9047619047619,10.873809523809523,6.993650793650794,16.69404761904762,44.962502,1033,-118.959969,Central,141,4,0.655,6.011,0.228,1.598,85.84,1.133,1.288,0.777,0.555,0.24,0.279,0.354,0.789,0.883
T06-G13,LRR_04,2,13.5,5,cream,cream,pink,1,317,334,336,342,LRR,17,2,375.76190476190476,102.57142857142857,273.1904761904762,10.941904761904762,6.3769841269841265,17.789285714285715,42.959349,1546,-116.951582,Southern,154,3,1.826,10.225,0.219,2.429,82.528,1.932,1.067,0.937,0.589,0.354,0.312,0.957,1.216,1.285
T07-A01,LIC_16,1,9.5,1,cream,cream,lavender,1,367,389,398,NA,LIC,22,9,255.07142857142858,61.83333333333333,193.23809523809524,10.866190476190475,7.0738095238095235,16.554761904761904,48.191144,804,-116.15621,Northern,130,2,0.621,6.166,0.205,1.921,81.839,1.215,1.608,0.622,0.442,0.177,0.188,0.281,0.907,0.981
T07-A03,CRE_05,3,16.6,1,NA,NA,NA,NA,352,369,376,NA,CRE,17,7,267.9047619047619,89.02380952380952,178.88095238095238,11.997619047619049,8.247619047619049,17.622619047619047,49.128793,574,-116.635332,Northern,110,2,0.437,4.905,0.228,1.323,99.273,0.903,1.225,0.816,0.557,0.19,0.186,0.247,0.597,0.63
T07-A05,TIC_06,3,21,2,pink,pink,lavender,1,331,346,351,355,TIC,15,5,204.5952380952381,20.095238095238095,184.5,10.136190476190476,6.336507936507936,15.835714285714285,45.977422,1118,-118.033018,Central,135,3,0.828,7.22,0.2,1.956,85.617,1.349,1.545,0.647,0.514,0.14,0.198,0.46,0.951,0.752
T07-A07,LIC_02,2,21.1,2,cream,lavender,purple,0,380,401,404,407,LIC,21,3,255.07142857142858,61.83333333333333,193.23809523809524,10.866190476190475,7.0738095238095235,16.554761904761904,48.191144,804,-116.15621,Northern,130,3,0.617,7.039,0.156,1.713,88.077,1.143,1.684,0.594,0.52,0.158,0.153,0.444,0.715,0.637
T07-A11,KAB_06,1,15.5,5,pink,pink,lavender,1,389,405,408,410,KAB,16,3,267.4761904761905,61.547619047619044,205.92857142857142,10.74904761904762,6.961904761904762,16.429761904761904,46.866808,1002,-117.154731,Central,131,3,0.539,5.247,0.246,1.471,94.764,0.932,1.386,0.721,0.613,0.256,0.216,0.331,0.495,0.499
T07-A13,FUR_07,2,15.9,3,pink,pink,pink,1,324,343,349,353,FUR,19,6,140.92857142857142,10.547619047619047,130.38095238095238,8.63047619047619,4.662698412698413,14.582142857142856,45.746923,1521,-116.144028,Central,154,3,1.391,8.57,0.238,2.142,73.034,1.667,1.089,0.918,0.609,0.387,0.351,0.535,1.132,0.877
T07-B02,GPN_05,1,19.8,4,lavender,lavender,pink,1,352,379,384,389,GPN,27,5,266.26190476190476,86.97619047619048,179.28571428571428,12.305238095238096,8.403174603174604,18.15833333333333,49.136969,671,-118.246906,Northern,117,3,1.066,8.824,0.172,2.266,95.115,1.612,1.42,0.704,0.472,0.229,0.185,0.575,1.119,1.067
T07-B04,KAB_05,2,11.6,4,cream,cream,purple,1,345,361,365,369,KAB,16,4,267.4761904761905,61.547619047619044,205.92857142857142,10.74904761904762,6.961904761904762,16.429761904761904,46.866808,1002,-117.154731,Central,131,3,0.839,8.725,0.139,2.019,98.236,1.363,1.403,0.713,0.469,0.234,0.185,0.329,0.756,0.62
T07-B06,HES_14,2,11.2,4,cream,cream,pink,1,338,355,360,380,HES,17,5,289.07142857142856,71.42857142857143,217.64285714285714,11.379047619047618,7.496825396825397,17.202380952380953,47.342545,816,-116.787758,Central,127,NA,NA,NA,NA,NA,NA,NA,NA,NA,NA,NA,NA,NA,NA,NA
T07-B08,LRR_14,3,12.1,4,cream,cream,lavender,1,317,330,333,337,LRR,13,3,375.76190476190476,102.57142857142857,273.1904761904762,10.941904761904762,6.3769841269841265,17.789285714285715,42.959349,1546,-116.951582,Southern,154,3,1.274,9.28,0.186,2.165,94.694,1.664,1.313,0.762,0.536,0.195,0.319,0.659,1.074,0.973
T07-B10,PMS_12,1,5.3,4,cream,cream,lavender,1,324,345,349,354,PMS,21,4,305.7142857142857,67.16666666666667,238.54761904761904,10.635238095238096,6.233333333333333,17.238095238095237,44.86463,1422,-116.62262,Central,145,3,0.706,6.442,0.214,1.763,83.392,1.229,1.417,0.706,0.537,0.171,0.18,0.376,0.875,0.705
T07-B12,CRE_14,2,21.4,4,cream,cream,purple,1,338,360,363,365,CRE,22,3,267.9047619047619,89.02380952380952,178.88095238095238,11.997619047619049,8.247619047619049,17.622619047619047,49.128793,574,-116.635332,Northern,110,3,1.206,8.264,0.222,2.215,82.828,1.591,1.283,0.779,0.55,0.3,0.31,0.574,0.935,1.126
T07-B14,BRD_04,1,18.5,3,lavender,pink,pink,0,338,357,362,367,BRD,19,5,228.07142857142856,65.33333333333333,162.73809523809524,12.311428571428571,8.4515873015873,18.101190476190474,49.3268,606,-117.611818,Northern,113,3,1.045,9.286,0.152,2.393,101.487,1.575,1.082,0.925,0.404,0.299,0.32,0.389,1.332,1.237
T07-C01,CRE_06,3,19.9,1,NA,NA,NA,NA,352,367,374,NA,CRE,15,7,267.9047619047619,89.02380952380952,178.88095238095238,11.997619047619049,8.247619047619049,17.622619047619047,49.128793,574,-116.635332,Northern,110,2,0.642,6.173,0.212,1.776,84.005,1.14,1.487,0.672,0.507,0.212,0.229,0.331,0.874,0.773
T07-C03,OGP_18,2,13.6,0,cream,cream,lavender,1,352,396,NA,NA,OGP,44,NA,284.61904761904765,107.07142857142857,177.54761904761904,10.905714285714286,6.918253968253968,16.886904761904763,49.04775,857,-119.558096,Northern,121,NA,NA,NA,NA,NA,NA,NA,NA,NA,NA,NA,NA,NA,NA,NA
T07-C05,JCP_11,3,11.1,3,cream,cream,purple,1,345,353,360,360,JCP,8,7,301.11904761904765,113.35714285714286,187.76190476190476,10.608571428571429,6.665079365079365,16.523809523809526,49.044619,865,-119.048655,Northern,128,3,0.591,5.966,0.209,1.377,83.337,1.068,1.268,0.788,0.587,0.219,0.218,0.384,0.771,0.825
T07-C07,BRD_08,1,18.2,2,NA,NA,NA,NA,331,351,360,NA,BRD,20,9,228.07142857142856,65.33333333333333,162.73809523809524,12.311428571428571,8.4515873015873,18.101190476190474,49.3268,606,-117.611818,Northern,113,NA,NA,NA,NA,NA,NA,NA,NA,NA,NA,NA,NA,NA,NA,NA
T07-C09,BFF_12,1,6.2,1,pink,pink,lavender,0,338,360,362,NA,BFF,22,2,345.8571428571429,100.30952380952381,245.54761904761907,10.284761904761904,6.130952380952381,16.515476190476193,44.343006,1312,-119.302186,Central,146,NA,NA,NA,NA,NA,NA,NA,NA,NA,NA,NA,NA,NA,NA,NA
T07-C11,OGP_03,3,15.2,5,cream,cream,pink,1,324,340,343,346,OGP,16,3,284.61904761904765,107.07142857142857,177.54761904761904,10.905714285714286,6.918253968253968,16.886904761904763,49.04775,857,-119.558096,Northern,121,3,1.232,9.087,0.188,2.155,87.23,1.573,1.196,0.836,0.595,0.297,0.274,0.528,0.808,0.895
T07-C13,BBU_14,3,8,3,cream,lavender,lavender,1,331,343,348,354,BBU,12,5,254.5952380952381,43.023809523809526,211.57142857142858,10.246666666666666,5.853174603174603,16.836904761904762,43.73359,1704,-116.128678,Southern,139,3,0.943,6.634,0.269,1.859,82.521,1.388,1.093,0.915,0.555,0.268,0.278,0.483,1.094,1.034
T07-D02,STM_14,NA,20.4,4,cream,cream,pink,1,NA,334,338,342,STM,NA,4,368.5952380952381,106.23809523809524,262.35714285714283,11.062857142857142,6.655555555555556,17.673809523809524,42.693604,1635,-118.938725,Southern,146,3,1.309,10.108,0.161,2.172,106.184,1.58,1.16,0.862,0.553,0.377,0.327,0.663,0.989,1.23
T07-D04,FUR_09,3,18.3,6,pink,pink,purple,0,338,355,360,363,FUR,17,5,140.92857142857142,10.547619047619047,130.38095238095238,8.63047619047619,4.662698412698413,14.582142857142856,45.746923,1521,-116.144028,Central,154,3,1.207,8.883,0.192,2.401,93.02,1.398,1.624,0.616,0.534,0.304,0.261,0.472,0.965,0.99
T07-D06,STM_18,1,18.3,4,cream,cream,pink,0,317,333,337,340,STM,16,4,368.5952380952381,106.23809523809524,262.35714285714283,11.062857142857142,6.655555555555556,17.673809523809524,42.693604,1635,-118.938725,Southern,146,3,1.81,9.629,0.245,2.444,91.023,1.828,1.132,0.884,0.593,0.525,0.444,0.752,1.377,1.137
T07-D08,LRR_08,4,10.5,6,cream,cream,lavender,0,317,325,328,331,LRR,8,3,375.76190476190476,102.57142857142857,273.1904761904762,10.941904761904762,6.3769841269841265,17.789285714285715,42.959349,1546,-116.951582,Southern,154,3,1.232,8.878,0.196,2.37,87.368,1.732,1.406,0.711,0.474,0.217,0.224,0.515,1.115,1.222
T07-D10,HES_03,1,16,3,purple,lavender,purple,1,345,360,365,369,HES,15,5,289.07142857142856,71.42857142857143,217.64285714285714,11.379047619047618,7.496825396825397,17.202380952380953,47.342545,816,-116.787758,Central,127,3,1.085,8.801,0.176,2.536,80.662,1.619,1.71,0.585,0.452,0.188,0.206,0.493,0.983,0.38
T07-D12,FUR_18,2,22.3,3,pink,pink,pink,1,318,336,340,342,FUR,18,4,140.92857142857142,10.547619047619047,130.38095238095238,8.63047619047619,4.662698412698413,14.582142857142856,45.746923,1521,-116.144028,Central,154,3,1.826,9.571,0.251,2.692,89.213,1.953,1.3,0.769,0.571,0.284,0.316,0.689,1.101,1.224
T07-D14,CRE_17,2,20.5,3,cream,pink,purple,1,352,372,378,382,CRE,20,6,267.9047619047619,89.02380952380952,178.88095238095238,11.997619047619049,8.247619047619049,17.622619047619047,49.128793,574,-116.635332,Northern,110,3,1.103,7.253,0.263,1.807,100.853,1.369,1.09,0.917,0.587,0.332,0.318,0.628,1.181,1.065
T07-E01,LIC_10,2,13.3,3,cream,cream,purple,0,380,404,407,412,LIC,24,3,255.07142857142858,61.83333333333333,193.23809523809524,10.866190476190475,7.0738095238095235,16.554761904761904,48.191144,804,-116.15621,Northern,130,3,0.701,7.019,0.179,1.759,78.29,1.207,1.381,0.724,0.54,0.244,0.234,0.389,0.727,0.702
T07-E03,MEB_20,3,8.9,1,pink,pink,lavender,1,345,370,372,NA,MEB,25,2,353.38095238095235,97.47619047619048,255.9047619047619,10.873809523809523,6.993650793650794,16.69404761904762,44.962502,1033,-118.959969,Central,141,2,1.161,7.856,0.236,2.275,94.475,1.537,1.364,0.733,0.55,0.242,0.243,0.535,1.026,0.943
T07-E05,LRR_19,1,8.6,2,cream,cream,lavender,0,324,342,349,367,LRR,18,7,375.76190476190476,102.57142857142857,273.1904761904762,10.941904761904762,6.3769841269841265,17.789285714285715,42.959349,1546,-116.951582,Southern,154,3,0.571,5.909,0.205,1.484,110.647,1.052,1.335,0.749,0.57,0.178,0.19,0.344,0.677,0.57
T07-E07,OGP_12,2,18.4,4,cream,cream,pink,1,345,362,368,371,OGP,17,6,284.61904761904765,107.07142857142857,177.54761904761904,10.905714285714286,6.918253968253968,16.886904761904763,49.04775,857,-119.558096,Northern,121,3,0.639,5.686,0.249,1.533,83.466,1.139,1.113,0.898,0.582,0.246,0.224,0.418,0.706,0.725
T07-E09,JCP_08,1,8.6,2,cream,cream,lavender,1,352,373,380,NA,JCP,21,7,301.11904761904765,113.35714285714286,187.76190476190476,10.608571428571429,6.665079365079365,16.523809523809526,49.044619,865,-119.048655,Northern,128,2,0.139,2.562,0.267,0.871,97.684,0.454,2.168,0.461,0.613,0.085,0.11,0.139,0.323,0.308
T07-E11,KAB_16,1,8.3,2,pink,pink,lavender,1,324,342,347,351,KAB,18,5,267.4761904761905,61.547619047619044,205.92857142857142,10.74904761904762,6.961904761904762,16.429761904761904,46.866808,1002,-117.154731,Central,131,3,0.337,4.943,0.173,1.262,95.366,0.803,1.504,0.665,0.548,0.165,0.152,0.194,0.41,0.538
T07-E13,LIC_01,1,18,3,cream,cream,purple,0,380,405,408,411,LIC,25,3,255.07142857142858,61.83333333333333,193.23809523809524,10.866190476190475,7.0738095238095235,16.554761904761904,48.191144,804,-116.15621,Northern,130,3,0.327,3.771,0.289,1.176,98.645,0.765,1.58,0.633,0.603,0.148,0.137,0.292,0.529,0.496
T07-F02,HES_06,3,15.3,4,cream,cream,pink,0,331,345,348,352,HES,14,3,289.07142857142856,71.42857142857143,217.64285714285714,11.379047619047618,7.496825396825397,17.202380952380953,47.342545,816,-116.787758,Central,127,3,1.288,9.053,0.198,2.118,78.152,1.713,1.019,0.981,0.525,0.353,0.352,0.516,1.138,1.067
T07-F04,FUR_17,2,11.2,1,NA,NA,NA,NA,352,384,NA,NA,FUR,32,NA,140.92857142857142,10.547619047619047,130.38095238095238,8.63047619047619,4.662698412698413,14.582142857142856,45.746923,1521,-116.144028,Central,154,NA,NA,NA,NA,NA,NA,NA,NA,NA,NA,NA,NA,NA,NA,NA
T07-F06,BRD_19,2,20.5,3,cream,cream,pink,0,338,357,361,367,BRD,19,4,228.07142857142856,65.33333333333333,162.73809523809524,12.311428571428571,8.4515873015873,18.101190476190474,49.3268,606,-117.611818,Northern,113,3,0.575,5.138,0.274,1.774,90.81,0.946,1.791,0.558,0.585,0.285,0.276,0.367,0.602,0.601
T07-F10,FUR_13,2,14.1,3,purple,lavender,purple,1,331,352,354,360,FUR,21,2,140.92857142857142,10.547619047619047,130.38095238095238,8.63047619047619,4.662698412698413,14.582142857142856,45.746923,1521,-116.144028,Central,154,3,1.83,12.445,0.148,2.999,90.509,2.143,1.222,0.819,0.466,0.311,0.348,0.506,1.229,1.244
T07-F14,MEB_13,3,15.1,5,pink,pink,purple,1,324,338,341,343,MEB,14,3,353.38095238095235,97.47619047619048,255.9047619047619,10.873809523809523,6.993650793650794,16.69404761904762,44.962502,1033,-118.959969,Central,141,3,2.171,10.639,0.241,2.884,89.442,2.05,1.128,0.886,0.573,0.646,0.512,0.621,1.328,1.359
T07-G01,TIC_19,4,9.8,4,pink,pink,purple,1,331,346,346,349,TIC,15,0,204.5952380952381,20.095238095238095,184.5,10.136190476190476,6.336507936507936,15.835714285714285,45.977422,1118,-118.033018,Central,135,3,0.879,6.365,0.272,1.784,102.312,1.309,1.124,0.889,0.585,0.284,0.214,0.528,1.018,0.869
T07-G03,GPN_09,2,7.8,0,cream,lavender,purple,1,352,369,NA,NA,GPN,17,NA,266.26190476190476,86.97619047619048,179.28571428571428,12.305238095238096,8.403174603174604,18.15833333333333,49.136969,671,-118.246906,Northern,117,NA,NA,NA,NA,NA,NA,NA,NA,NA,NA,NA,NA,NA,NA,NA
T07-G05,OGP_10,2,16.8,4,cream,cream,lavender,1,331,347,352,355,OGP,16,5,284.61904761904765,107.07142857142857,177.54761904761904,10.905714285714286,6.918253968253968,16.886904761904763,49.04775,857,-119.558096,Northern,121,3,0.625,6.129,0.209,1.64,76.446,1.093,1.291,0.774,0.529,0.221,0.204,0.378,0.825,0.811
T07-G07,TIC_07,1,17,3,pink,pink,purple,0,317,338,342,344,TIC,21,4,204.5952380952381,20.095238095238095,184.5,10.136190476190476,6.336507936507936,15.835714285714285,45.977422,1118,-118.033018,Central,135,3,1.035,8.528,0.179,2.171,93.507,1.45,1.562,0.64,0.526,0.206,0.198,0.555,1.128,0.971
T07-G09,SUC_08,2,12.6,2,NA,NA,NA,NA,331,348,354,NA,SUC,17,6,379.23809523809524,106.64285714285714,272.5952380952381,11.518571428571429,6.885714285714286,18.46785714285714,43.223458,1498,-117.151153,Southern,146,NA,NA,NA,NA,NA,NA,NA,NA,NA,NA,NA,NA,NA,NA,NA
T07-G11,PMS_15,2,4,2,NA,NA,NA,NA,324,336,341,NA,PMS,12,5,305.7142857142857,67.16666666666667,238.54761904761904,10.635238095238096,6.233333333333333,17.238095238095237,44.86463,1422,-116.62262,Central,145,NA,NA,NA,NA,NA,NA,NA,NA,NA,NA,NA,NA,NA,NA,NA
