location,tag_name,flwr_number,photo_ID,area,perimeter,circularity,feret,feret_X,feret_Y,feret_angle,min_feret,aspect_ratio,roundness,solidity,OL_width_left,OL_width_right,IL_width,trough_length_left,angle_left,trough_length_right,angle_right,limitations,exclude,notes,measurements_done?
T01-A01,STM_17,3,DSC_0035,1.18,7.9,0.238,1.918,4119,3273,87.718,1.545,1.102,0.907,0.603,0.261,0.274,0.608,1.051,33.008,0.99,-30.343,0,0,, DSC_0008 
T01-A03,TIC_09,3,DSC_0035,0.4,4.524,0.246,1.394,4030,1601,112.861,0.719,2.065,0.484,0.649,0.142,0.094,0.222,0.492,52.645,0.344,-15.627,1,0,, DSC_0010
T01-A05,SUC_01,3,DSC_0033,1.361,10.436,0.157,2.503,4234,2496,86.82,1.857,1.601,0.625,0.456,0.163,0.196,0.535,1.012,23.663,1.144,-29.055,0,0,, DSC_0012
T01-A07,CRE_04,NA,NA,NA,NA,NA,NA,NA,NA,NA,NA,NA,NA,NA,NA,NA,NA,NA,NA,NA,NA,NA,2,, DSC_0013
T01-A09,OGP_04,3,DSC_0158,1.539,10.27,0.183,2.265,3419,2886,5.934,1.771,1.166,0.858,0.543,0.345,0.4123,0.717,1.306,33.315,1.184,-24.168,2,0,only bottom of stem not highlighted, DSC_0014
T01-A11,CRE_13,3,DSC_0171,0.897,7.006,0.23,2.2,2291.5,1638,75.08,1.411,1.524,0.656,0.489,0.16,0.155,0.447,0.855,17.99,0.908,-39.297,0,0,feret angle is low (75), DSC_0015
T01-A13,TIC_18,3,DSC_0033,2.069,11.783,0.187,3.06,1911.667,2254.833,104.722,2.127,1.235,0.81,0.515,0.335,0.342,0.749,1.267,39.644,1.25,-3.835,0,0,, DSC_0016
T01-B02,SUC_02,3,DSC_0154,1.496,9.948,0.19,2.298,2388,1616,75.927,1.807,1.166,0.858,0.564,0.329,0.378,0.561,1.257,18.202,0.92,-31.591,0,0,, DSC_0020
T01-B04,HES_01,3,DSC_0149,0.894,8.254,0.165,2.109,4253,1458,86.924,1.388,1.443,0.693,0.49,0.202,0.23,0.53,0.921,32.171,0.858,-24.687,0,0,, DSC_0021
T01-B06,BRD_10,NA,NA,NA,NA,NA,NA,NA,NA,NA,NA,NA,NA,NA,NA,NA,NA,NA,NA,NA,NA,NA,5,, DSC_0022
T01-B08,CRE_15,2,DSC_0181,0.502,5.384,0.217,1.805,1956.5,1758.75,83.977,0.897,2.331,0.429,0.506,0.2,0.202,0.241,0.675,53.014,0.782,-45.354,0,0,did not produce third flower , DSC_0023
T01-B10,PMS_18,3,DSC_0031,0.742,6.627,0.212,1.788,2482,2596,86.201,1.24,1.575,0.635,0.542,0.208,0.179,0.365,0.861,29.956,0.761,-40.298,0,0,, DSC_0024
T01-B12,CRE_18,3,DSC_0155,1.263,9.068,0.193,1.978,2265,3015,73.301,1.675,1.108,0.903,0.557,0.354,0.334,0.493,1.057,10.66,0.951,-43.958,0,0,, DSC_0025
T01-B14,PMS_19,NA,NA,NA,NA,NA,NA,NA,NA,NA,NA,NA,NA,NA,NA,NA,NA,NA,NA,NA,NA,NA,3,too many abnormalities, DSC_0026
T01-C01,MEB_11,NA,NA,NA,NA,NA,NA,NA,NA,NA,NA,NA,NA,NA,NA,NA,NA,NA,NA,NA,NA,NA,1,, DSC_0027
T01-C03,KAB_17,NA,NA,NA,NA,NA,NA,NA,NA,NA,NA,NA,NA,NA,NA,NA,NA,NA,NA,NA,NA,NA,5,, DSC_0028
T01-C05,HES_08,3,DSC_0175,0.409,4.732,0.23,1.414,2348.667,857.667,96.182,0.904,1.347,0.742,0.545,0.19,0.187,0.201,0.375,18.542,0.559,-19.867,0,0,, DSC_0029
T01-C07,KAB_11,3,DSC_0185,0.358,4.115,0.265,1.203,1902,1470.75,25.843,0.839,1.45,0.69,0.577,0.155,0.132,0.282,0.536,146.379,0.519,81.979,0,0,angles weird because the petal is sideways, DSC_0030
T01-C09,HES_18,3,DSC_0154,0.857,9.927,0.109,2.545,3783,1665,83.146,1.163,2.411,0.415,0.499,0.134,0.152,0.375,0.555,19.591,0.663,-22.923,0,0,, DSC_0031
T01-C11,KAB_19,3,DSC_0043,0.936,7.501,0.209,1.837,3955,2783,90.885,1.28,1.121,0.892,0.606,0.389,0.364,0.552,0.892,32.995,0.783,-42.797,0,0,, DSC_0032
T01-C13,TIC_05,3,DSC_0035,1.703,10.939,0.179,2.545,2343,1973,72.208,1.915,1.257,0.796,0.565,0.342,0.32,0.726,1.008,7.516,1.16,-42.089,0,0,, DSC_0033
T01-D02,STM_01,3,DSC_0192,0.386,3.942,0.312,1.289,1724,1706,79.16,0.608,2.263,0.442,0.766,0.135,0.119,0.229,0.295,2.617,0.287,-39.289,0,0,, DSC_0034
T01-D04,LRR_18,3,DSC_0035,1.254,9.539,0.173,2.218,2408,3001,103.949,1.724,1.273,0.785,0.525,0.252,0.224,0.567,1.051,43.394,1.021,-7.028,0,0,, DSC_0035
T01-D06,LRR_17,3,DSC_0034,0.942,10.216,0.113,2.419,4183,2909,100.547,1.752,1.389,0.72,0.373,0.159,0.206,0.334,1.018,34.136,1.043,0,0,0,, DSC_0036
T01-D08,BFF_05,3,DSC_0047,1.091,9.347,0.157,2.636,4051,1359,91.519,1.767,1.433,0.698,0.386,0.211,0.194,0.453,1.367,36.753,1.209,-40.35,0,0,, DSC_0037
T01-D10,CRE_11,3,DSC_0160,1.542,10.603,0.172,2.745,2230,1474,104.714,1.804,1.46,0.685,0.518,0.307,0.337,0.676,1.081,45.264,1.111,-15.446,0,0,, DSC_0038
T01-D12,MEB_14,3,DSC_0031,1.595,10.155,0.194,2.704,4012,2350,90.591,1.964,1.231,0.813,0.477,0.264,0.26,0.53,1.389,30.619,1.428,-38.66,2,0,, DSC_0039
T01-D14,BRD_18,3,DSC_0160,0.626,5.738,0.239,1.589,4134,1636,102.804,1.105,1.232,0.811,0.548,0.201,0.243,0.379,0.857,49.833,0.791,-30.22,0,0,, DSC_0040
T01-E01,PMS_14,4,DSC_0040,0.251,2.802,0.402,1.009,4609,1525,68.199,0.534,2.286,0.437,0.731,0.098,0.101,0.239,0.373,22.884,0.351,-61.97,0,0,, DSC_0041
T01-E03,PMS_06,3,DSC_0040,0.899,7.133,0.222,1.988,4647.375,2555.875,91.513,1.228,1.45,0.69,0.547,0.227,0.311,0.451,0.753,-71.405,0.645,41.9,0,0,, DSC_0042
T01-E05,FUR_12,3,DSC_0027,1.939,12.02,0.169,2.775,2569,1703,85.361,2.052,1.044,0.958,0.53,0.445,0.399,0.64,1.385,27.542,1.43,-39.569,0,0,, DSC_0043
T01-E07,BFF_14,4,DSC_0179,0.932,7.939,0.186,2.272,1905,1540.333,91.704,1.434,1.607,0.622,0.489,0.138,0.172,0.459,0.797,31.255,0.912,-23.836,2,0,, DSC_0044
T01-E09,JCP_06,3,DSC_0041,1.062,7.322,0.249,1.928,4046,2363,96.455,1.476,1.022,0.978,0.561,0.351,0.324,0.504,1.049,38.779,1.023,-31.3,0,0,, DSC_0045
T01-E11,TIC_20,3,DSC_0041,1.064,8.84,0.171,2.444,2254.667,2778.667,75.248,1.766,1.395,0.717,0.411,0.188,0.207,0.454,1.304,21.06,1.119,-48.039,1,0,, DSC_0046
T01-E13,BFF_13,3,DSC_0024,1.322,8.674,0.221,2.233,2434.5,1352.5,86.078,1.704,1.154,0.867,0.516,0.303,0.343,0.596,1.235,33.263,1.191,-37.637,0,0,, DSC_0047
T01-F02,BRD_03,NA,NA,NA,NA,NA,NA,NA,NA,NA,NA,NA,NA,NA,NA,NA,NA,NA,NA,NA,NA,NA,5,, DSC_0136
T01-F04,FUR_19,NA,NA,NA,NA,NA,NA,NA,NA,NA,NA,NA,NA,NA,NA,NA,NA,NA,NA,NA,NA,NA,2,did not produce third flower , DSC_0137
T01-F06,JCP_20,NA,NA,NA,NA,NA,NA,NA,NA,NA,NA,NA,NA,NA,NA,NA,NA,NA,NA,NA,NA,NA,5,, DSC_0138
T01-F08,OGP_20,NA,NA,NA,NA,NA,NA,NA,NA,NA,NA,NA,NA,NA,NA,NA,NA,NA,NA,NA,NA,NA,5,, DSC_0139
T01-F10,PMS_08,3,DSC_0015,0.933,7.776,0.194,1.933,3804.333,1333.333,171.668,1.392,1.335,0.749,0.558,0.236,0.198,0.394,0.912,-67.443,0.747,64.759,1,0,, DSC_0140
T01-F12,HES_11,3,DSC_0044,1.467,11.793,0.133,2.694,2466,1534,99.782,1.922,1.145,0.873,0.442,0.372,0.321,0.577,1.131,39.44,1.175,-15.285,0,0,, DSC_0141
T01-F14,OGP_08,3,DSC_0193,0.444,4.639,0.26,1.324,1774,1058,96.371,0.905,1.549,0.646,0.605,0.16,0.156,0.377,0.591,34.721,0.521,-27.508,1,0,petal is not completely flat , DSC_0142
T01-G01,SUC_11,3,DSC_0140,1.172,8.022,0.229,2.046,2299,1965,86.764,1.577,1.126,0.888,0.564,0.304,0.286,0.46,1.015,30.667,1.089,-36.509,0,0,, DSC_0143
T01-G03,LIC_14,3,DSC_0186,0.396,4.599,0.235,1.311,2614,1380,92.437,0.853,1.485,0.674,0.586,0.193,0.187,0.251,0.581,35.405,0.451,-31.724,0,0,, DSC_0144
T01-G05,CRE_10,NA,NA,NA,NA,NA,NA,NA,NA,NA,NA,NA,NA,NA,NA,NA,NA,NA,NA,NA,NA,NA,1,never germinated, DSC_0145
T01-G07,PMS_13,3,DSC_0031,0.672,5.9,0.243,1.713,3889,1246,73.703,1.087,1.489,0.672,0.589,0.251,0.247,0.367,0.714,21.178,0.684,-53.072,0,0,, DSC_0146
T01-G09,STM_06,3,DSC_0140,0.75,7.689,0.159,1.921,3863,1750,95.175,1.415,1.363,0.733,0.457,0.167,0.147,0.354,0.834,34.962,1.016,-28.067,0,0,, DSC_0147
T01-G11,SUC_13,3,DSC_0041,1.131,7.117,0.281,1.958,2309,1101,101.952,1.429,1.151,0.868,0.626,0.303,0.267,0.589,0.996,36.87,0.901,-28.752,0,0,, DSC_0148
T01-G13,BRD_05,3,DSC_0149,1.344,9.05,0.206,2.271,2901,1045,92.221,1.677,1.128,0.887,0.575,0.43,0.374,0.545,0.745,22.564,0.901,-18.308,0,0,, DSC_0149
T02-A01,FUR_06,2,DSC_0179,0.849,6.744,0.235,2.221,1992,2920,90.874,1.272,1.828,0.547,0.505,0.251,0.232,0.352,0.785,32.661,0.874,-41.228,0,0,, DSC_0150
T02-A03,OGP_15,3,DSC_0034,1.671,11.402,0.162,2.53,2413,3146,59.092,2.082,1.262,0.792,0.48,0.302,0.29,0.541,1.4,1.461,1.068,-58.116,0,0,, DSC_0151
T02-A05,BRD_11,2,DSC_0166,0.653,5.289,0.293,1.623,2114,1445,100.263,1.101,1.282,0.78,0.584,0.254,0.204,0.421,0.854,45.546,0.746,-31.202,0,0,, DSC_0152
T02-A07,HES_02,3,DSC_0158,1.305,9.916,0.167,2.513,2197,1674,88.557,1.809,1.462,0.684,0.441,0.165,0.208,0.543,1.235,35.228,1.171,-24.563,0,0,, DSC_0153
T02-A09,HES_04,NA,NA,NA,NA,NA,NA,NA,NA,NA,NA,NA,NA,NA,NA,NA,NA,NA,NA,NA,NA,NA,2,did not produce third flower , DSC_0154
T02-A11,JCP_02,NA,NA,NA,NA,NA,NA,NA,NA,NA,NA,NA,NA,NA,NA,NA,NA,NA,NA,NA,NA,NA,2,only produced one flower , DSC_0155
T02-A13,BBU_02,NA,NA,NA,NA,NA,NA,NA,NA,NA,NA,NA,NA,NA,NA,NA,NA,NA,NA,NA,NA,NA,2,, DSC_0156
T02-B02,STM_15,3,DSC_0044,0.989,9.113,0.15,2.185,4058,1181,6.85,1.743,1.143,0.875,0.403,0.189,0.15,0.406,1.324,33.944,1.175,-25.951,0,0,, DSC_0157
T02-B04,BBU_04,3,DSC_0178,1.271,9.467,0.178,2.423,4249,1875,86.272,1.83,1.375,0.727,0.445,0.287,0.21,0.449,1.336,27.485,1.243,-35.354,1,0,, DSC_0158
T02-B06,LRR_20,3,DSC_0024,1.287,8.63,0.217,2.08,4264,1325,85.07,1.595,1.284,0.779,0.615,0.292,0.237,0.603,0.832,15.695,0.945,-26.715,0,0,, DSC_0159
T02-B08,TIC_11,3,DSC_0142,0.827,8.189,0.155,2.103,1978,1960,77.3,1.415,1.559,0.641,0.447,0.234,0.18,0.435,1.159,25.287,0.787,-45.372,1,0,, DSC_0160
T02-B10,MEB_03,3,DSC_0034,1.194,11.148,0.121,2.623,2092,1494,78.537,1.82,1.629,0.614,0.388,0.162,0.202,0.41,1.351,30.496,1.275,-48.633,1,0,, DSC_0161
T02-B12,PMS_17,3,DSC_0016,1.066,7.821,0.219,2.042,2078.75,1365,117.685,1.411,1.348,0.742,0.579,0.263,0.299,0.441,0.681,171.757,0.892,-46.68,1,0,, DSC_0162
T02-B14,LRR_11,3,DSC_0039,1.53,9.331,0.221,2.38,4111,2446,99.742,1.84,1.101,0.908,0.571,0.325,0.292,0.645,0.999,26.021,1.111,-14.744,0,0,, DSC_0163
T02-C01,OGP_09,NA,NA,NA,NA,NA,NA,NA,NA,NA,NA,NA,NA,NA,NA,NA,NA,NA,NA,NA,NA,NA,1,never germinated, DSC_0164
T02-C05,BFF_02,3,DSC_0046,1.181,9.136,0.178,2.243,2904,1947,88.905,1.46,1.507,0.664,0.539,0.32,0.241,0.481,0.779,13.526,0.7,-19.359,0,0,, DSC_0165
T02-C07,GPN_13,3,DSC_0177,0.745,7.501,0.166,1.958,1743,2081,112.834,1.363,1.367,0.731,0.453,0.21,0.213,0.399,0.843,55.257,0.97,-19.165,0,0,, DSC_0166
T02-C09,BFF_07,4,DSC_0184,0.216,4.2,0.154,1.357,1242.667,2100.667,102.814,0.635,2.68,0.373,0.443,0.09,0.094,0.103,0.329,55.676,0.471,-14.755,0,0,, DSC_0167
T02-C11,HES_12,2,DSC_0192,0.467,5.298,0.209,1.718,4014,1616,92.47,0.833,2.088,0.479,0.562,0.137,0.13,0.303,0.621,40.018,0.508,-46.432,0,0,, DSC_0168
T02-C13,LIC_05,3,DSC_0164,0.553,5.581,0.223,1.556,2071,1555,93.18,1.046,1.481,0.675,0.554,0.186,0.197,0.301,0.723,39.4,0.676,-35.029,0,0,, DSC_0169
T02-D02,STM_20,3,DSC_0031,0.827,7.619,0.179,1.726,2119,1304,78.826,1.348,1.064,0.94,0.518,0.237,0.206,0.462,0.965,22.493,1.061,-48.46,2,0,, DSC_0170
T02-D04,GPN_04,2,DSC_0191,0.623,4.836,0.335,1.639,1609,1766.5,93.79,1.016,1.583,0.632,0.644,0.209,0.185,0.447,0.695,39.898,0.654,-34.666,0,0,, DSC_0171
T02-D06,OGP_07,4,DSC_0189,0.68,6.365,0.211,1.885,1956,2270,88.014,1.155,1.667,0.6,0.509,0.187,0.207,0.25,0.735,35.809,0.899,-41.561,0,0,, DSC_0172
T02-D08,KAB_09,3,DSC_0169,0.474,5.714,0.182,1.531,1895,1682,95.536,0.937,1.531,0.653,0.56,0.211,0.152,0.336,0.624,39.622,0.57,-30.694,1,0,, DSC_0173
T02-D10,OGP_01,3,DSC_0039,0.939,6.83,0.253,1.831,3760.5,1180,106.021,1.391,1.114,0.897,0.587,0.296,0.276,0.515,0.823,34.509,0.789,-18.273,0,0,, DSC_0174
T02-D12,BFF_16,2,DSC_0173,0.928,8.18,0.174,2.165,1885,1846,88.259,1.616,1.32,0.758,0.433,0.175,0.18,0.392,1.06,30.186,1.05,-29.24,0,0,, DSC_0175
T02-D14,CRE_20,NA,NA,NA,NA,NA,NA,NA,NA,NA,NA,NA,NA,NA,NA,NA,NA,NA,NA,NA,NA,NA,2,, DSC_0176
T02-E01,STM_04,NA,NA,NA,NA,NA,NA,NA,NA,NA,NA,NA,NA,NA,NA,NA,NA,NA,NA,NA,NA,NA,1,dead, DSC_0177
T02-E03,HES_16,3,DSC_0151,0.933,9.259,0.137,2.536,2822,2864,90.57,1.263,2.118,0.472,0.516,0.218,0.2,0.416,0.673,27.046,0.678,-22.989,0,0,, DSC_0178
T02-E05,MEB_04,3,DSC_0033,1.407,9.231,0.207,2.184,4229,778,95.837,1.752,1.075,0.93,0.552,0.245,0.428,0.583,1.112,28.725,1.068,-27.897,1,0,left outer lobe is curled , DSC_0179
T02-E07,CRE_07,2,DSC_0164,0.61,6.132,0.204,1.934,3634,1603.333,108.592,1.066,1.884,0.531,0.501,0.23,0.201,0.327,0.81,64.876,0.788,-25.264,2,0,, DSC_0180
T02-E09,LIC_18,3,DSC_0171,0.818,6.742,0.226,1.713,3675,1593,95.152,1.383,1.084,0.923,0.529,0.215,0.233,0.462,0.88,28.601,0.974,-28.405,0,0,, DSC_0181
T02-E11,BFF_15,3,DSC_0178,0.328,4.71,0.186,1.35,2427,1863,88.837,0.87,1.549,0.646,0.452,0.141,0.14,0.233,0.698,46.591,0.79,-46.054,0,0,, DSC_0183
T02-E13,JCP_13,NA,NA,NA,NA,NA,NA,NA,NA,NA,NA,NA,NA,NA,NA,NA,NA,NA,NA,NA,NA,NA,2,did not produce third flower , DSC_0184
T02-F02,GPN_01,3,DSC_0160,0.633,5.979,0.223,1.588,4281,2991,94.068,1.109,1.071,0.933,0.537,0.233,0.215,0.418,0.895,42.607,0.919,-40.959,0,0,, DSC_0185
T02-F04,KAB_12,3,DSC_0178,0.475,6.09,0.161,1.642,2197,3028,96.183,0.983,1.761,0.568,0.46,0.136,0.11,0.265,0.79,55.021,0.778,-35.659,0,0,, DSC_0186
T02-F06,STM_03,3,DSC_0046,1.397,9.42,0.198,2.4,4566,1916,88.977,1.825,1.078,0.927,0.486,0.312,0.302,0.519,1.311,28.66,1.167,-37.291,1,0,petal is not completely flat , DSC_0188
T02-F08,LRR_10,3,DSC_0033,1.02,8.299,0.186,2.042,1913,1113,88.636,1.479,1.34,0.746,0.541,0.197,0.356,0.496,1.032,34.866,0.888,-34.808,1,0,left outer lobe is curled , DSC_0189
T02-F10,PMS_01,3,DSC_0022,0.948,8.956,0.149,2.002,2310,1607,87.248,1.489,1.233,0.811,0.493,0.264,0.184,0.384,0.877,19.767,0.836,-30.288,1,0,, DSC_0190
T02-F12,KAB_20,3,DSC_0172,0.889,6.53,0.262,1.735,3746,1554,83.037,1.251,1.106,0.904,0.618,0.285,0.258,0.61,0.901,28.435,0.956,-46.578,0,0,, DSC_0191
T02-F14,LRR_16,3,DSC_0159,1.039,7.496,0.232,1.907,2608,2912,88.493,1.527,1.106,0.904,0.56,0.256,0.273,0.458,0.903,23.094,0.925,-25.263,0,0,, DSC_0192
T02-G01,LIC_09,2,DSC_0167,0.565,6.099,0.191,1.715,1978,1766,88.091,1.15,1.672,0.598,0.464,0.156,0.172,0.354,0.779,39.314,0.84,-38.003,1,2,left outer lobe is curled , DSC_0193
T02-G03,SUC_04,3,DSC_0024,0.742,6.983,0.191,1.731,2381,2660,91.513,1.246,1.389,0.72,0.543,0.183,0.241,0.322,0.634,26.961,0.837,-31.769,0,0,, DSC_0194
T02-G05,CRE_08,NA,NA,NA,NA,NA,NA,NA,NA,NA,NA,NA,NA,NA,NA,NA,NA,NA,NA,NA,NA,NA,2,, DSC_0195
T02-G07,FUR_14,3,DSC_0160,0.826,6.838,0.222,2.112,2247,3246,78.653,1.169,1.823,0.549,0.583,0.188,0.193,0.415,0.698,16.699,0.745,-47.49,0,0,, DSC_0196
T02-G09,LIC_20,NA,NA,NA,NA,NA,NA,NA,NA,NA,NA,NA,NA,NA,NA,NA,NA,NA,NA,NA,NA,NA,"4, 5",aphid damage ,
T02-G11,BFF_11,3,DSC_0020,1.404,11.817,0.126,2.35,2654,1579,84.764,1.685,1.339,0.747,0.513,0.306,0.28,0.659,1.293,34.077,1.271,-45,1,0,,
T02-G13,STM_11,NA,NA,NA,NA,NA,NA,NA,NA,NA,NA,NA,NA,NA,NA,NA,NA,NA,NA,NA,NA,NA,2,did not produce third flower ,
T03-A01,FUR_11,3,DSC_0036,1.574,9.786,0.207,2.599,2408,1906,85.288,1.655,1.474,0.678,0.62,0.342,0.359,0.637,0.942,27.92,0.896,-26.158,0,0,,
T03-A03,LIC_07,3,DSC_0155,0.402,4.793,0.22,1.201,3834,1493,100.852,0.908,1.506,0.664,0.589,0.153,0.146,0.244,0.545,37.255,0.587,-22.023,1,0,,
T03-A05,CRE_03,2,DSC_0175,0.642,6.239,0.207,1.751,3916,1727.5,86.856,1.233,1.239,0.807,0.467,0.228,0.199,0.349,0.93,34.992,0.944,-44.573,0,0,,
T03-A07,GPN_16,2,DSC_0175,0.361,4.169,0.261,1.442,1814,3098,82.614,0.73,2.057,0.486,0.585,0.203,0.135,0.274,0.57,39.18,0.521,-50.505,0,0,,
T03-A09,JCP_19,2,DSC_0173,0.507,5.954,0.18,1.687,3692,1816,87.104,0.999,1.476,0.677,0.49,0.193,0.206,0.356,0.622,39.793,0.609,-29.234,0,0,,
T03-A11,BFF_19,NA,NA,NA,NA,NA,NA,NA,NA,NA,NA,NA,NA,NA,NA,NA,NA,NA,NA,NA,NA,NA,2,did not produce third flower ,
T03-A13,LRR_15,4,DSC_0010,1.019,6.837,0.274,1.908,3953,1120.667,90.853,1.416,1.299,0.77,0.611,0.271,0.268,0.491,0.983,100.373,0.754,67.782,0,0,,
T03-B02,SUC_12,3,DSC_0155,1.462,10.862,0.156,2.477,2340,1263,92.404,1.848,1.282,0.78,0.504,0.307,0.288,0.651,1.117,23.199,1.094,-28.713,0,0,,
T03-B04,KAB_03,3,DSC_0161,0.758,7.477,0.17,2.093,2386,1635,92.135,1.359,1.364,0.733,0.452,0.29,0.23,0.379,0.918,36.206,0.923,-37.663,0,0,,
T03-B06,BRD_16,3,DSC_0158,1.36,9.8,0.178,2.522,3613,1632,78.126,1.858,1.019,0.981,0.468,0.316,0.32,0.594,1.185,22.938,1.247,-43.321,0,0,,
T03-B08,LIC_04,NA,NA,NA,NA,NA,NA,NA,NA,NA,NA,NA,NA,NA,NA,NA,NA,NA,NA,NA,NA,NA,5,,
T03-B10,GPN_17,3,DSC_0169,0.279,3.957,0.224,1.175,3834,1811,88.363,0.721,1.784,0.561,0.539,0.095,0.129,0.206,0.541,49.527,0.611,-46.187,0,0,,
T03-B12,TIC_15,3,DSC_0032,1.753,9.311,0.254,2.752,4245.75,2963.25,80.717,1.889,1.152,0.868,0.555,0.414,0.387,0.564,1.188,22.49,1.233,-42.011,0,0,,
T03-B14,MEB_17,3,DSC_0181,0.891,7.521,0.198,2.218,4033,1547.75,90.441,1.487,1.264,0.791,0.438,0.271,0.274,0.331,1.137,42.933,1.07,-40.344,0,0,,
T03-C01,GPN_02,2,DSC_0173,0.41,4.698,0.233,1.549,2109,3239,87.574,0.763,2.495,0.401,0.556,0.186,0.155,0.261,0.647,48.423,0.537,-51.45,0,0,,
T03-C03,GPN_06,NA,NA,NA,NA,NA,NA,NA,NA,NA,NA,NA,NA,NA,NA,NA,NA,NA,NA,NA,NA,NA,1,died due to grease leak,
T03-C05,MEB_16,NA,NA,NA,NA,NA,NA,NA,NA,NA,NA,NA,NA,NA,NA,NA,NA,NA,NA,NA,NA,NA,1,died due to grease leak,
T03-C07,CRE_09,NA,NA,NA,NA,NA,NA,NA,NA,NA,NA,NA,NA,NA,NA,NA,NA,NA,NA,NA,NA,NA,1,died due to grease leak,
T03-C09,PMS_05,5,DSC_0036,1.237,8.621,0.209,2.196,4160,1711,86.47,1.617,1.358,0.737,0.543,0.273,0.243,0.47,0.997,24.461,0.909,-36.242,0,0,,
T03-C11,HES_20,3,DSC_0172,0.971,10.167,0.118,2.365,2349,1582,81.532,1.596,1.782,0.561,0.415,0.176,0.153,0.483,1.092,26.064,0.909,-34.322,0,0,,
T03-C13,LIC_08,3,DSC_0169,0.532,5.367,0.232,1.501,1942,3075,96.934,1.09,1.298,0.771,0.549,0.194,0.176,0.258,0.674,35.272,0.698,-21.236,0,0,,
T03-D02,STM_05,NA,NA,NA,NA,NA,NA,NA,NA,NA,NA,NA,NA,NA,NA,NA,NA,NA,NA,NA,NA,NA,1,died due to grease leak,
T03-D04,FUR_10,NA,NA,NA,NA,NA,NA,NA,NA,NA,NA,NA,NA,NA,NA,NA,NA,NA,NA,NA,NA,NA,1,died due to grease leak,
T03-D06,BBU_07,NA,NA,NA,NA,NA,NA,NA,NA,NA,NA,NA,NA,NA,NA,NA,NA,NA,NA,NA,NA,NA,1,died due to grease leak,
T03-D08,GPN_14,NA,NA,NA,NA,NA,NA,NA,NA,NA,NA,NA,NA,NA,NA,NA,NA,NA,NA,NA,NA,NA,5,,
T03-D10,GPN_07,NA,NA,NA,NA,NA,NA,NA,NA,NA,NA,NA,NA,NA,NA,NA,NA,NA,NA,NA,NA,NA,1,never germinated,
T03-D12,BFF_04,NA,NA,NA,NA,NA,NA,NA,NA,NA,NA,NA,NA,NA,NA,NA,NA,NA,NA,NA,NA,NA,2,,
T03-D14,TIC_14,3,DSC_0044,1.319,9.624,0.179,2.447,2531,2499,92.969,1.612,1.573,0.636,0.55,0.25,0.239,0.68,0.881,19.377,0.87,-20.122,0,0,,
T03-E01,MEB_02,3,DSC_0044,1.107,8.295,0.202,2.208,4083,3258,86.709,1.569,1.346,0.743,0.521,0.238,0.218,0.577,0.964,23.006,0.956,-29.588,0,0,,
T03-E03,LRR_13,NA,NA,NA,NA,NA,NA,NA,NA,NA,NA,NA,NA,NA,NA,NA,NA,NA,NA,NA,NA,NA,1,died due to grease leak,
T03-E05,JCP_16,NA,NA,NA,NA,NA,NA,NA,NA,NA,NA,NA,NA,NA,NA,NA,NA,NA,NA,NA,NA,NA,1,died due to grease leak,
T03-E07,BBU_16,3,DSC_0140,1.254,8.491,0.219,2.188,2453,3359,85.079,1.622,1.279,0.782,0.576,0.263,0.234,0.637,1.011,21.896,0.998,-28.048,0,0,,
T03-E09,PMS_20,NA,NA,NA,NA,NA,NA,NA,NA,NA,NA,NA,NA,NA,NA,NA,NA,NA,NA,NA,NA,NA,2,only flowered once,
T03-E11,LIC_03,NA,NA,NA,NA,NA,NA,NA,NA,NA,NA,NA,NA,NA,NA,NA,NA,NA,NA,NA,NA,NA,2,,
T03-E13,GPN_12,NA,NA,NA,NA,NA,NA,NA,NA,NA,NA,NA,NA,NA,NA,NA,NA,NA,NA,NA,NA,NA,2,,
T03-F02,MEB_18,3,DSC_0045,0.64,5.779,0.241,1.711,2198,1578,92.426,1.102,1.423,0.703,0.553,0.202,0.257,0.348,0.69,42.732,0.818,-34.535,0,0,,
T03-F04,OGP_06,3,DSC_0022,0.953,7.059,0.24,2.02,3608,1592,87.637,1.391,1.319,0.758,0.508,0.221,0.212,0.487,1.157,34.655,1.137,-47.571,0,0,,
T03-F06,OGP_14,NA,NA,NA,NA,NA,NA,NA,NA,NA,NA,NA,NA,NA,NA,NA,NA,NA,NA,NA,NA,NA,1,died due to grease leak,
T03-F08,LIC_17,3,DSC_0190,0.445,5.031,0.221,1.748,2176,1636.5,97.169,0.913,2.307,0.434,0.467,0.137,0.106,0.245,0.735,45.401,0.7,-47.106,0,0,,
T03-F10,BBU_18,3,DSC_0151,0.689,6.839,0.185,1.948,4231.25,1272.25,159.129,1.239,1.838,0.544,0.433,0.215,0.178,0.358,1.062,-69.842,0.975,13.856,1,0,feret angle is weird because petal is sideways ,
T03-F12,OGP_11,3,DSC_0046,0.69,6.365,0.214,1.58,2865,2876,95.968,1.204,1.03,0.971,0.559,0.272,0.216,0.354,0.841,38.964,0.73,-27.693,0,0,,
T03-F14,FUR_16,2,DSC_0166,1.221,8.026,0.238,2.027,4150,1912,87.026,1.497,1.259,0.795,0.577,0.252,0.24,0.732,1.163,33.391,1.158,-46.764,0,0,,
T03-G01,BBU_13,NA,NA,NA,NA,NA,NA,NA,NA,NA,NA,NA,NA,NA,NA,NA,NA,NA,NA,NA,NA,NA,2,,
T03-G03,CRE_19,3,DSC_0153,1.138,7.518,0.253,2.037,2250,2715,97.819,1.388,1.317,0.759,0.626,0.305,0.311,0.528,0.843,38.425,0.842,-21.548,0,0,,
T03-G05,HES_15,3,DSC_0039,1.111,9.325,0.161,2.432,1800,1374,79.114,1.566,1.493,0.67,0.471,0.249,0.232,0.417,0.908,23.374,1.002,-32.905,0,0,,
T03-G07,TIC_02,2,DSC_0188,0.489,5.972,0.172,1.708,1363,1736,82.875,1.024,1.669,0.599,0.478,0.168,0.143,0.264,0.73,29.004,0.585,-42.63,0,0,,
T03-G09,LIC_12,3,DSC_0173,0.498,4.9,0.26,1.355,4224,3179,67.529,0.936,1.306,0.766,0.604,0.176,0.164,0.3,0.68,16.717,0.648,-57.395,2,0,feret angle is low (67),
T03-G11,JCP_03,3,DSC_0167,0.448,5.242,0.205,1.636,3732,1944,84.24,0.986,1.613,0.62,0.458,0.134,0.161,0.252,0.755,36.671,0.671,-39.311,0,0,,
T03-G13,GPN_08,NA,NA,NA,NA,NA,NA,NA,NA,NA,NA,NA,NA,NA,NA,NA,NA,NA,NA,NA,NA,NA,5,,
T04-A01,BBU_12,3,DSC_0159,1.3,8.887,0.207,2.379,4030,2713,95.14,1.772,1.177,0.849,0.492,0.273,0.287,0.483,1.256,32.976,1.149,-30.481,0,0,,
T04-A03,HES_09,NA,NA,NA,NA,NA,NA,NA,NA,NA,NA,NA,NA,NA,NA,NA,NA,NA,NA,NA,NA,NA,1,died,
T04-A05,OGP_13,3,DSC_0020,1.027,8.374,0.184,1.954,4535,1179,98.915,1.628,1.135,0.881,0.501,0.229,0.293,0.415,0.986,35.122,1.088,-17.424,1,0,,
T04-A07,BRD_17,3,DSC_0150,0.905,7.117,0.224,2.055,2665.5,2881.5,85.969,1.357,1.132,0.883,0.494,0.26,0.229,0.415,0.915,38.66,1.05,-33.738,2,0,,
T04-A09,LIC_13,3,DSC_0161,1.369,8.887,0.218,1.915,2529,3124,78.898,1.552,1.011,0.989,0.68,0.376,0.385,0.649,0.956,16.821,0.901,-35.066,0,0,petal is missing bottom (no petal past the teeth) ,
T04-A11,STM_09,3,DSC_0137,0.898,10.712,0.098,2.495,2222,1687,97.289,1.515,1.603,0.624,0.375,0.216,0.224,0.394,0.855,28.649,0.962,-41.058,0,0,Stem highlighted in threshold,
T04-A13,JCP_04,3,DSC_0140,1.203,7.23,0.289,1.987,4190,3253.5,72.82,1.516,1.115,0.897,0.564,0.306,0.29,0.486,1.059,11.944,1.188,-52.268,1,0,feret angle is less than 80,
T04-B02,BRD_09,3,DSC_0038,1.394,8.127,0.265,2.402,1998,1261,78.404,1.697,1.161,0.861,0.537,0.371,0.316,0.598,1.065,24,1.065,-30.713,0,0,,
T04-B04,TIC_01,3,DSC_0137,1.002,7.394,0.23,1.905,4063,1960,75.124,1.415,1.392,0.719,0.527,0.172,0.26,0.49,0.973,22.457,1.082,-48.707,0,0,,
T04-B06,OGP_19,3,DSC_0041,1.14,8.265,0.21,2.209,4151.833,1984.833,84.338,1.586,1.193,0.838,0.534,0.255,0.292,0.58,1.021,21.291,0.852,-35.647,0,0,,
T04-B08,STM_16,3,DSC_0030,1.097,7.738,0.23,1.983,4342,2616,66.828,1.462,1.173,0.853,0.561,0.235,0.235,0.614,1.047,3.457,1.001,-62.896,0,0,,
T04-B10,MEB_10,3,DSC_0030,1.432,10.385,0.167,2.477,2133,2609,73.536,1.821,1.163,0.86,0.506,0.33,0.309,0.574,1.126,20.807,1.235,-49.611,0,0,,
T04-B12,SUC_09,NA,NA,NA,NA,NA,NA,NA,NA,NA,NA,NA,NA,NA,NA,NA,NA,NA,NA,NA,NA,NA,2,,
T04-B14,MEB_07,3,DSC_0030,1.154,7.836,0.236,2.294,4369.25,1114,92.893,1.5,1.224,0.817,0.546,0.329,0.287,0.471,1.019,38.29,0.905,-26.962,0,0,,
T04-C01,JCP_05,NA,NA,NA,NA,NA,NA,NA,NA,NA,NA,NA,NA,NA,NA,NA,NA,NA,NA,NA,NA,NA,1,never germinated,
T04-C03,LIC_06,NA,NA,NA,NA,NA,NA,NA,NA,NA,NA,NA,NA,NA,NA,NA,NA,NA,NA,NA,NA,NA,5,,
T04-C05,BBU_17,NA,NA,NA,NA,NA,NA,NA,NA,NA,NA,NA,NA,NA,NA,NA,NA,NA,NA,NA,NA,NA,2,actually did produce third flower but it occurred too late (first and second flower fell off -- no buds) ,
T04-C07,BFF_03,3,DSC_0042,0.803,7.955,0.159,2.418,2233.667,1390.667,90.744,1.364,2.099,0.476,0.391,0.127,0.128,0.408,1.109,45.132,1.016,-41.82,1,0,,
T04-C09,BFF_08,NA,NA,NA,NA,NA,NA,NA,NA,NA,NA,NA,NA,NA,NA,NA,NA,NA,NA,NA,NA,NA,1,never germinated,
T04-C11,KAB_15,NA,NA,NA,NA,NA,NA,NA,NA,NA,NA,NA,NA,NA,NA,NA,NA,NA,NA,NA,NA,NA,5,,
T04-D02,TIC_12,3,DSC_0139,1.582,9.686,0.212,2.646,2075,1652,96.154,1.96,1.188,0.842,0.505,0.295,0.251,0.622,1.211,36.064,1.302,-22.584,0,0,,
T04-D04,MEB_09,3,DSC_0024,1.768,10.697,0.194,2.734,4208,3041,80.65,1.874,1.18,0.848,0.526,0.393,0.474,0.657,1.417,32.005,1.405,-47.261,1,0,,
T04-D06,STM_13,3,DSC_0036,1.711,10.595,0.192,2.663,2536.5,3020.25,86.859,2.145,1.147,0.872,0.463,0.376,0.376,0.52,1.363,24.692,1.49,-32.02,0,0,,
T04-D08,LRR_05,3,DSC_0039,1.393,9.708,0.186,2.41,2303,3253,89.328,1.744,1.232,0.812,0.531,0.276,0.303,0.608,1.271,35.723,1.171,-38.876,0,0,,
T04-D10,BBU_20,3,DSC_0153,0.835,8.218,0.155,2.519,3533,1458,115.952,1.135,2.188,0.457,0.476,0.175,0.151,0.217,1.341,32.619,1.041,-32.954,1,0,"middle petal curled over right petal, so trough measurements done on a different petal from the same flower",
T04-D12,BRD_01,2,DSC_0181,1.35,9.607,0.184,2.511,1750.75,3233.75,86.533,1.79,1.182,0.846,0.492,0.341,0.257,0.494,1.157,27.774,1.047,-26.732,0,0,,
T04-E01,BBU_06,3,DSC_0157,1.53,10.84,0.164,2.741,2397,2939,78.601,1.885,1.475,0.678,0.493,0.21,0.243,0.522,1.033,15.478,1.166,-41.548,0,0,Remeasured but photo is a little blurry,
T04-E03,KAB_01,NA,NA,NA,NA,NA,NA,NA,NA,NA,NA,NA,NA,NA,NA,NA,NA,NA,NA,NA,NA,NA,1,"dead; aphid damage, germinated late ",
T04-E05,BBU_10,NA,NA,NA,NA,NA,NA,NA,NA,NA,NA,NA,NA,NA,NA,NA,NA,NA,NA,NA,NA,NA,1,dead; aphid damage,
T04-E07,HES_19,3,DSC_0042,1.099,8.884,0.175,2.369,3703,1530,110.597,1.53,1.442,0.694,0.5,0.237,0.235,0.589,1.006,48.504,0.991,-16.779,0,0,,
T04-E09,BRD_06,3,DSC_0185,0.313,4.384,0.205,1.339,3717.75,1763.25,92.327,0.8,1.504,0.665,0.442,0.146,0.158,0.205,0.761,49.485,0.778,-56.023,0,0,"deformed petal, was marked for pest observation Jan 8",
T04-E11,BRD_14,2,DSC_0175,0.928,7.504,0.207,2.256,3678.333,3181.667,87.14,1.397,1.525,0.656,0.492,0.217,0.197,0.413,1.012,39.158,0.949,-40.471,0,0,,
T04-E13,JCP_09,NA,NA,NA,NA,NA,NA,NA,NA,NA,NA,NA,NA,NA,NA,NA,NA,NA,NA,NA,NA,NA,2,,
T04-F02,SUC_14,3,DSC_0032,1.174,9.027,0.181,2.095,1878,2754,86.364,1.602,1.216,0.823,0.57,0.261,0.299,0.559,1.037,19.901,0.75,-26.565,0,0,,
T04-F04,SUC_07,NA,NA,NA,NA,NA,NA,NA,NA,NA,NA,NA,NA,NA,NA,NA,NA,NA,NA,NA,NA,NA,3,severe abnormalities,
T04-F06,BFF_09,3,DSC_0137,0.387,4.822,0.209,1.413,2468,3334,86.205,0.793,1.964,0.509,0.569,0.134,0.098,0.228,0.596,41.251,0.52,-41.575,0,0,,
T04-F08,BBU_09,3,DSC_0032,1.398,9.664,0.188,2.415,4192,1429,84.851,1.689,1.265,0.79,0.552,0.311,0.305,0.576,0.957,18.303,1.116,-36.08,0,0,,
T04-F10,KAB_14,3,DSC_0158,1.021,8.32,0.185,2.493,2197,3034.667,87.205,1.549,1.698,0.589,0.458,0.196,0.212,0.377,1.069,31.574,1.037,-40.78,0,0,,
T04-F12,LRR_01,3,DSC_0151,1.034,7.402,0.237,1.846,2109.667,1452,99.838,1.39,1.336,0.748,0.58,0.325,0.316,0.569,0.901,52.97,0.98,-31.849,1,0,,
T04-F14,PMS_10,5,DSC_0169,1.489,8.975,0.232,2.269,3712,3409,89.603,1.779,1.148,0.871,0.569,0.359,0.318,0.505,1.417,31.197,0.928,-33.46,0,0,,
T04-G01,BRD_02,2,DSC_0164,0.639,6.955,0.166,1.953,2204,2949,93.156,1.21,1.284,0.779,0.422,0.195,0.195,0.265,0.883,46.096,0.837,-24.287,2,0,,
T04-G03,GPN_11,NA,NA,NA,NA,NA,NA,NA,NA,NA,NA,NA,NA,NA,NA,NA,NA,NA,NA,NA,NA,NA,"4, 5",aphid damage,
T04-G05,JCP_18,3,DSC_0029,1.244,7.896,0.251,2.109,1754.333,1475.333,105.838,1.591,1.153,0.868,0.541,0.477,0.408,0.407,1.18,54.178,1.085,-17.354,0,0,,
T04-G07,BRD_13,3,DSC_0161,0.98,7.392,0.225,2.062,3854,1545,105.979,1.429,1.262,0.793,0.533,0.226,0.265,0.389,0.883,54.516,1.071,-18.194,1,0,,
T04-G09,CRE_01,3,DSC_0179,0.554,5.029,0.275,1.743,4003.25,1608.25,98.272,0.991,1.846,0.542,0.553,0.188,0.187,0.313,0.69,49.582,0.658,-28.281,0,0,,
T04-G11,BBU_11,NA,NA,NA,NA,NA,NA,NA,NA,NA,NA,NA,NA,NA,NA,NA,NA,NA,NA,NA,NA,NA,2,,
T04-G13,MEB_12,3,DSC_0025,1.183,9.497,0.165,2.559,2502,1426,101.339,1.771,1.225,0.816,0.422,0.245,0.211,0.435,1.362,45.591,1.119,-20.794,0,0,,
T05-A03,JCP_12,3,DSC_0171,1.213,7.95,0.241,2.027,1700,3089,99.332,1.516,1.023,0.977,0.563,0.296,0.265,0.59,1.152,40.488,1.148,-31.682,0,0,,
T05-A05,JCP_14,3,DSC_0167,0.999,7.936,0.199,1.792,2167,2923,91.141,1.447,1.088,0.919,0.574,0.275,0.224,0.507,0.946,25.115,0.994,-33.347,0,0,,
T05-A07,BFF_06,3,DSC_0046,0.919,9.622,0.125,2.809,4527,2867,104.773,1.593,1.695,0.59,0.342,0.22,0.217,0.255,1.278,66.28,1.341,-26.452,1,0,,
T05-A09,BFF_17,NA,NA,NA,NA,NA,NA,NA,NA,NA,NA,NA,NA,NA,NA,NA,NA,NA,NA,NA,NA,NA,2,,
T05-A11,MEB_01,3,DSC_0136,1.155,8.419,0.205,2.407,2925,1700,92.07,1.524,1.494,0.669,0.525,0.245,0.209,0.521,0.926,24.091,0.84,-27.2,0,0,,
T05-A13,LRR_12,3,DSC_0025,1.599,10.178,0.194,2.55,4459,1606,88.363,1.858,1.149,0.87,0.512,0.422,0.415,0.632,1.348,33.378,1.322,-41.753,0,0,,
T05-B02,HES_05,3,DSC_0027,0.952,8.311,0.173,2.19,4637,1678,86.197,1.557,1.209,0.827,0.459,0.229,0.273,0.437,0.974,25.697,0.912,-23.226,0,0,,
T05-B04,OGP_16,3,DSC_0186,0.953,7.558,0.21,1.956,3709,3056.5,88.788,1.522,1.268,0.789,0.517,0.172,0.169,0.503,0.972,27.004,1.003,-33.298,2,0,may need to re-measure ,
T05-B08,BBU_05,3,DSC_0142,1.138,7.709,0.241,2.253,1982.333,2878.333,13.438,1.559,1.339,0.747,0.529,0.322,0.313,0.416,1.084,71.565,0.859,-42.979,1,0,feret angle is odd because the petal is horizontal ,
T05-B10,KAB_02,3,DSC_0180,0.666,6.992,0.171,1.706,1767,1762,99.538,1.158,1.342,0.745,0.558,0.234,0.226,0.373,0.639,30.858,0.645,-0.919,0,0,,
T05-B12,BBU_03,2,DSC_0171,0.468,4.595,0.278,1.501,3699,3124,96.959,0.806,1.71,0.585,0.588,0.186,0.143,0.198,0.598,56.929,0.599,-17.447,0,0,,
T05-B14,OGP_17,3,DSC_0142,0.878,7.305,0.207,2.017,3952.25,1395.75,119.758,1.413,1.224,0.817,0.494,0.24,0.206,0.411,0.881,55.26,0.911,-2.748,0,0,feret angle is high,
T05-C01,PMS_04,3,DSC_0038,1.23,8.816,0.199,2.088,2002,2493,107.959,1.56,1.169,0.856,0.56,0.305,0.293,0.45,1.018,46.818,1.056,-21.595,0,0,feret angle is high (107),
T05-C03,CRE_02,3,DSC_0156,1.096,7.468,0.247,2.359,1600.75,1789.75,78.103,1.499,1.536,0.651,0.525,0.218,0.243,0.484,0.983,-43.589,0.874,9.019,0,0,petal is upside down ,
T05-C05,MEB_15,3,DSC_0042,0.714,7.002,0.183,1.966,2290.667,2517,120.74,1.271,1.506,0.664,0.45,0.212,0.21,0.345,0.768,79.679,1.042,-4.521,0,0,,
T05-C07,TIC_08,3,DSC_0042,2.413,11.795,0.218,3.013,3427.5,2891,95.971,2.337,1.046,0.956,0.53,0.383,0.415,0.922,1.551,36.067,1.595,-25.866,0,0,,
T05-C09,PMS_09,4,DSC_0010,1.165,8.128,0.222,2.18,2315.5,2753.5,37.749,1.689,1.478,0.677,0.496,0.253,0.23,0.424,0.908,-16.92,1.207,-91.868,1,0,,
T05-C11,LIC_19,3,DSC_0195,1.125,9.037,0.173,2.211,4070,1418,101.172,1.577,1.286,0.777,0.501,0.277,0.342,0.556,1,44.449,0.999,-21.15,0,0,,
T05-C13,LRR_02,3,DSC_0029,1.029,7.464,0.232,2.079,3884,1373,89.009,1.355,1.565,0.639,0.56,0.222,0.23,0.547,0.974,37.801,0.927,-42.483,0,0,,
T05-D02,FUR_04,3,DSC_0029,2.176,11.563,0.205,2.55,1832,2574,171.893,2.229,1.11,0.901,0.565,0.507,0.448,0.713,1.249,17.078,1.356,-35.714,0,0,,
T05-D04,PMS_02,3,DSC_0020,1.392,8.619,0.235,2.094,2517,2503,94.147,1.656,1.099,0.91,0.579,0.294,0.27,0.545,1.209,41.558,1.224,-30.684,0,0,,
T05-D06,LRR_07,3,DSC_0023,2.107,11.949,0.185,2.86,2342,1093,93.717,2.17,1.206,0.829,0.536,0.342,0.337,0.724,1.325,35.438,1.47,-22.521,0,0,,
T05-D08,CRE_12,3,DSC_0174,1.338,9.754,0.177,2.382,1631,1747,66.949,1.795,1.03,0.971,0.523,0.379,0.315,0.469,0.964,11.155,0.921,-10.416,0,0,,
T05-D10,MEB_05,3,DSC_0034,2.516,10.816,0.27,2.989,3967,1594.333,61.118,2.193,1.196,0.836,0.594,0.458,0.497,0.873,1.801,-2.272,1.044,-62.734,1,0,"also photographed in DSC_0137, honestyl, may want to use that flower instead",
T05-D12,TIC_03,3,DSC_0156,1.346,10.051,0.167,2.236,3402,1364,95.936,1.763,1.158,0.863,0.517,0.304,0.284,0.654,1.152,31.718,1.116,-22.969,0,0,,
T05-D14,MEB_19,3,DSC_0161,1.376,9.609,0.187,2.175,4180,2868,95.989,1.67,1.141,0.877,0.598,0.316,0.333,0.603,0.913,18.576,0.84,-15.68,0,0,,
T05-E01,JCP_10,NA,NA,NA,NA,NA,NA,NA,NA,NA,NA,NA,NA,NA,NA,NA,NA,NA,NA,NA,NA,NA,1,,
T05-E03,FUR_02,2,DSC_0188,1.017,8.434,0.18,2.304,3671,1479,92.944,1.559,1.36,0.735,0.455,0.222,0.212,0.364,1.246,39.935,0.914,-32.166,0,0,,
T05-E05,HES_07,3,DSC_0029,1.12,8.972,0.175,2.389,4055,2364,91.898,1.411,1.989,0.503,0.534,0.208,0.216,0.534,0.847,34.972,0.759,-25.837,0,0,,
T05-E07,SUC_06,3,DSC_0036,1.26,9.006,0.195,2.416,4094,3091,68.575,1.56,1.649,0.607,0.544,0.241,0.221,0.589,0.887,2.989,0.823,-44.825,0,0,,
T05-E09,LIC_15,NA,NA,NA,NA,NA,NA,NA,NA,NA,NA,NA,NA,NA,NA,NA,NA,NA,NA,NA,NA,NA,2,second flower had sterile anthers,
T05-E11,OGP_05,NA,NA,NA,NA,NA,NA,NA,NA,NA,NA,NA,NA,NA,NA,NA,NA,NA,NA,NA,NA,NA,3,,
T05-E13,BFF_01,NA,NA,NA,NA,NA,NA,NA,NA,NA,NA,NA,NA,NA,NA,NA,NA,NA,NA,NA,NA,NA,2,did not produce third flower,
T05-F02,PMS_07,4,DSC_0010,0.874,8.408,0.155,1.954,3900.333,2773.667,140.72,1.479,1.309,0.764,0.451,0.244,0.253,0.372,0.922,68.085,1.045,5.943,1,0,,
T05-F04,TIC_04,3,DSC_0156,0.548,5.601,0.219,1.604,2095,2709,102.078,0.971,1.678,0.596,0.571,0.175,0.186,0.383,0.648,43.787,0.652,-30.654,0,0,,
T05-F06,FUR_05,3,DSC_0139,1.492,8.655,0.25,2.42,4002,1633,97.916,1.712,1.167,0.857,0.595,0.416,0.448,0.58,0.936,42.084,1.169,-22.286,1,0,,
T05-F08,BBU_08,3,DSC_0157,2.247,10.778,0.243,2.977,2544,1769,85.655,2.321,1.182,0.846,0.521,0.377,0.357,0.813,1.356,19.796,1.493,-26.56,0,0,,
T05-F10,FUR_01,3,DSC_0040,1.589,9.054,0.244,2.685,2869,3062,77.853,1.732,1.268,0.788,0.557,0.322,0.391,0.432,1.224,23.772,0.937,-39.806,0,0,,
T05-F12,GPN_15,3,DSC_0176,1.795,9.644,0.242,2.396,2019,1587,98.973,1.89,1.008,0.992,0.626,0.478,0.441,0.886,1.069,29.883,0.952,-14.945,0,0,,
T05-F14,STM_12,3,DSC_0142,1.5,9.326,0.217,2.372,3555,2953,40.677,1.853,1.244,0.804,0.542,0.317,0.246,0.586,1.232,-24.986,1.113,96.525,1,0,weird feret angle because petal is upsidedown,
T05-G01,GPN_19,4,DSC_0164,1.102,8.202,0.206,2.058,4018,2924,103.698,1.586,1.045,0.956,0.543,0.254,0.273,0.538,1.011,39.104,0.938,-13.027,0,0,,
T05-G03,BRD_15,3,DSC_0148,0.784,7.934,0.156,2.041,4069,1337,84.968,1.42,1.405,0.712,0.445,0.26,0.259,0.324,0.847,16.658,0.703,-31.232,1,0,,
T05-G05,TIC_17,3,DSC_0040,0.858,6.961,0.223,2.104,2148,1163.25,145.064,1.32,1.746,0.573,0.518,0.202,0.182,0.44,0.821,80.423,0.724,21.606,0,0,,
T05-G07,GPN_10,3,DSC_0194,0.171,3.079,0.227,1.089,1796,1613,94.062,0.463,3.228,0.31,0.591,0.091,0.094,0.135,0.294,44.003,0.29,-34.966,0,0,,
T05-G09,FUR_08,3,DSC_0141,1.35,8.546,0.232,2.409,2132,1873,86.952,1.597,1.394,0.717,0.583,0.301,0.269,0.534,1.055,34.28,0.952,-33.571,0,0,,
T05-G11,GPN_03,3,DSC_0196,0.374,4.467,0.236,1.431,3787,1553,81.693,0.74,1.994,0.502,0.595,0.147,0.187,0.295,0.507,41.829,0.605,-55.267,0,0,,
T05-G13,PMS_03,3,DSC_0008,1.557,10.099,0.192,2.748,2030.333,1405,82.8,1.857,1.446,0.692,0.473,0.34,0.279,0.42,1.195,32.619,1.277,-36.437,0,0,,
T06-A01,GPN_20,3,DSC_0162,1.406,10.747,0.153,2.598,2279,1767,85.494,1.731,1.332,0.751,0.527,0.349,0.373,0.517,1.092,28.051,1.011,-34.796,0,0,,
T06-A03,SUC_03,3,DSC_0014,1.189,7.571,0.261,2.068,1612.5,1542,155.944,1.543,1.176,0.85,0.587,0.275,0.242,0.485,1.047,39.735,1.023,-13.561,0,0,,
T06-A05,BFF_18,4,DSC_0180,1.025,8.894,0.163,2.359,3820,1965.75,87.208,1.716,1.398,0.715,0.401,0.224,0.203,0.448,1.117,28.78,1.06,-32.242,0,0,,
T06-A07,STM_10,3,DSC_0027,1.593,9.849,0.206,2.401,2729,3364,86.375,1.832,1.109,0.902,0.529,0.372,0.385,0.62,1.408,33.914,1.439,-37.921,0,0,,
T06-A09,STM_02,3,DSC_0043,1.331,9.197,0.198,2.235,1537,1519,173.258,1.78,1.319,0.758,0.509,0.231,0.151,0.809,1.195,24.36,1.27,-37.51,1,0,right petal is curled and feret angle is high (ImageJ is measuring horiztonally instead of vertically),
T06-A11,OGP_02,3,DSC_0162,0.795,7.963,0.157,2.19,4244,1473,101.49,1.421,1.555,0.643,0.421,0.212,0.17,0.351,0.962,51.831,1.017,-21.507,1,0,,
T06-A13,PMS_16,3,DSC_0015,1.14,7.895,0.23,2.076,2157.75,1304,140.759,1.692,1.032,0.969,0.504,0.284,0.261,0.421,1.104,14.353,1.046,-40.246,0,0,,
T06-B02,TIC_16,3,DSC_0037,1.6,9.648,0.216,2.455,2482,1330.5,93.374,1.829,1.27,0.787,0.538,0.291,0.312,0.727,1.323,38.991,1.164,-27.951,0,0,,
T06-B04,JCP_15,3,DSC_0144,1.26,7.928,0.252,2.13,4218,2856,133.214,1.524,1.118,0.894,0.561,0.378,0.326,0.704,1.112,-91.488,1.163,9.287,0,0,feret angle weird because petal is upside down,
T06-B06,KAB_08,3,DSC_0194,1.097,8.92,0.173,2.332,4207.333,2009.667,83.126,1.622,1.36,0.735,0.487,0.254,0.224,0.492,0.969,16.572,0.966,-37.975,0,0,,
T06-B08,LRR_09,3,DSC_0038,1.583,10.499,0.18,2.763,4593,2776,81.589,1.861,1.211,0.826,0.498,0.362,0.337,0.539,1.253,26.706,1.194,-31.402,0,0,,
T06-B10,TIC_13,3,DSC_0150,1.643,11.391,0.159,2.957,2730,1108,91.71,1.683,1.637,0.611,0.57,0.414,0.392,0.63,0.881,16.621,0.813,-20.4,0,0,,
T06-B12,SUC_10,3,DSC_0047,1.301,7.822,0.267,1.833,2057,1753,7.479,1.492,1.044,0.957,0.691,0.374,0.304,0.72,0.976,35.346,1.031,-26.042,0,0,feret is odd b/c petal is wider than it is long ,
T06-B14,KAB_07,3,DSC_0176,0.841,7.079,0.211,2.022,4010,1621,98.463,1.365,1.353,0.739,0.525,0.204,0.216,0.421,0.876,38.589,0.874,-25.551,0,0,,
T06-C01,STM_19,NA,NA,NA,NA,NA,NA,NA,NA,NA,NA,NA,NA,NA,NA,NA,NA,NA,NA,NA,NA,NA,1,never germinated,
T06-C03,PMS_11,3,DSC_0027,1.167,7.282,0.277,2.052,4664,3289,80.932,1.48,1.039,0.963,0.607,0.362,0.388,0.429,0.96,27.887,0.971,-39.207,2,0,,
T06-C05,BBU_19,NA,NA,NA,NA,NA,NA,NA,NA,NA,NA,NA,NA,NA,NA,NA,NA,NA,NA,NA,NA,NA,2,,
T06-C07,BFF_20,3,DSC_0165,0.976,8.724,0.161,2.318,2255,1832,83.853,1.576,1.61,0.621,0.453,0.19,0.155,0.457,1.135,25.944,0.916,-40.619,1,0,petal seems curved but hard to tell,
T06-C09,FUR_03,NA,NA,NA,NA,NA,NA,NA,NA,NA,NA,NA,NA,NA,NA,NA,NA,NA,NA,NA,NA,NA,2,,
T06-C11,FUR_20,3,DSC_0165,0.729,5.772,0.275,1.595,4145,1829,83.275,1.078,1.675,0.597,0.611,0.319,0.308,0.269,0.571,25.836,0.572,-42.027,0,0,,
T06-C13,TIC_10,NA,NA,NA,NA,NA,NA,NA,NA,NA,NA,NA,NA,NA,NA,NA,NA,NA,NA,NA,NA,NA,2,,
T06-D04,BRD_20,3,DSC_0186,0.935,8.177,0.176,2.161,2730,2624,91.478,1.572,1.104,0.905,0.437,0.27,0.226,0.467,0.957,34.616,0.963,-26.194,0,0,,
T06-D06,MEB_06,3,DSC_0038,1.474,11.852,0.132,2.774,4610,1368,89.576,1.636,1.69,0.592,0.508,0.228,0.249,0.441,0.853,22.312,0.849,-20.287,0,0,,
T06-D08,BFF_10,3,DSC_0023,1.485,10.721,0.162,2.783,4289,1218,94.503,1.897,1.416,0.706,0.472,0.273,0.244,0.751,1.248,28.877,1.009,-32.125,0,0,,
T06-D10,BBU_01,3,DSC_0037,0.983,7.278,0.233,2.222,4249.667,1533.667,112.354,1.327,1.725,0.58,0.546,0.245,0.248,0.331,0.916,57.16,0.769,-10.748,0,0,,
T06-D12,JCP_07,NA,NA,NA,NA,NA,NA,NA,NA,NA,NA,NA,NA,NA,NA,NA,NA,NA,NA,NA,NA,NA,2,,
T06-D14,STM_07,3,DSC_0016,1.592,8.689,0.265,2.43,3562,1483,6.517,1.891,1.101,0.908,0.553,0.33,0.291,0.642,1.214,-53.431,1.271,66.389,1,0,,
T06-E01,KAB_04,3,DSC_0162,0.937,7.689,0.199,2.161,2294,3132,88.507,1.338,1.745,0.573,0.527,0.205,0.223,0.542,0.912,32.709,0.813,-30.114,0,0,,
T06-E03,SUC_05,3,DSC_0144,0.462,5.228,0.213,1.383,4092,1608,24.023,0.957,1.441,0.694,0.55,0.175,0.143,0.257,0.595,-34.365,0.604,-93.085,0,0,feret angle is odd because petal is sideways,
T06-E05,JCP_17,3,DSC_0152,1,7.673,0.213,2.095,2387,1452,90.942,1.464,1.16,0.862,0.508,0.258,0.266,0.436,0.97,37.643,0.971,-23.199,0,0,,
T06-E07,STM_08,3,DSC_0020,2.551,12.707,0.199,2.884,4340,2788,88.872,2.259,1.119,0.894,0.599,0.512,0.591,0.804,1.439,33.795,1.268,-28.474,0,0,,
T06-E09,GPN_18,NA,NA,NA,NA,NA,NA,NA,NA,NA,NA,NA,NA,NA,NA,NA,NA,NA,NA,NA,NA,NA,2,aphid damage,
T06-E11,BBU_15,3,DSC_0150,0.951,8.35,0.171,2.445,4093,1142,97.107,1.519,1.588,0.63,0.446,0.25,0.216,0.317,1.004,41.693,0.978,-31.027,0,0,,
T06-E13,KAB_13,3,DSC_0168,0.565,5.867,0.206,1.644,2368,1594,98.166,1.103,1.433,0.698,0.489,0.18,0.161,0.33,0.933,53.16,0.963,-39.157,0,0,,
T06-F02,LRR_03,3,DSC_0167,0.621,5.812,0.231,1.642,4006,3027.5,91.469,1.096,1.317,0.759,0.57,0.175,0.198,0.298,0.673,40.035,0.799,-31.805,0,0,,
T06-F04,HES_10,NA,NA,NA,NA,NA,NA,NA,NA,NA,NA,NA,NA,NA,NA,NA,NA,NA,NA,NA,NA,NA,1,never germinated,
T06-F06,SUC_15,3,DSC_0043,0.217,3.226,0.262,1.105,3583,1746,109.952,0.546,2.656,0.377,0.597,0.094,0.09,0.19,0.486,68.822,0.436,-36.807,0,0,threshold captured too much (petal is tiny),
T06-F08,KAB_18,3,DSC_0183,0.243,3.416,0.262,1.164,1686,1993,98.46,0.58,2.506,0.399,0.592,0.083,0.098,0.245,0.479,55.263,0.414,-37.537,0,0,,
T06-F10,LIC_11,3,DSC_0186,1.09,6.926,0.286,1.968,3899,1306,92.842,1.428,1.352,0.74,0.638,0.238,0.284,0.749,0.866,26.771,0.81,-26.565,1,0,,
T06-F12,HES_13,3,DSC_0144,0.775,7.692,0.165,2.153,2368,1341,87.886,1.411,1.9,0.526,0.426,0.191,0.157,0.458,0.94,32.775,0.909,-42.427,1,0,,
T06-F14,KAB_10,3,DSC_0146,0.726,6.21,0.237,1.707,2268.667,1344,85.041,1.155,1.426,0.701,0.607,0.224,0.182,0.496,0.641,20.659,0.707,-26.446,0,0,,
T06-G01,LRR_06,3,DSC_0023,1.582,10.297,0.188,2.224,2386,2865,105.899,1.939,1.013,0.987,0.536,0.37,0.318,0.627,1.237,36.072,1.023,-7.815,0,0,,
T06-G03,HES_17,3,DSC_0162,1.403,9.872,0.181,2.491,4129,2830,96.161,1.759,1.348,0.742,0.532,0.288,0.268,0.642,1.136,35.166,1.055,-28.275,0,0,,
T06-G05,BRD_07,3,DSC_0191,1.047,7.27,0.249,2.068,3872.5,1854.5,93.003,1.444,1.209,0.827,0.561,0.318,0.337,0.417,0.909,26.171,0.812,-29.214,0,0,,
T06-G09,FUR_15,3,DSC_0168,1.064,8.007,0.209,2.093,4128,1637,101.467,1.42,1.336,0.749,0.598,0.279,0.253,0.337,0.91,41.424,0.772,-18.178,0,0,,
T06-G11,MEB_08,4,DSC_0136,0.655,6.011,0.228,1.598,4328,1946,85.84,1.133,1.288,0.777,0.555,0.24,0.279,0.354,0.789,42.147,0.883,-42.366,0,0,,
T06-G13,LRR_04,3,DSC_0028,1.826,10.225,0.219,2.429,2324,1687,82.528,1.932,1.067,0.937,0.589,0.354,0.312,0.957,1.216,16.67,1.285,-42.51,0,0,,
T07-A01,LIC_16,2,DSC_0190,0.621,6.166,0.205,1.921,3545.5,1933.5,81.839,1.215,1.608,0.622,0.442,0.177,0.188,0.281,0.907,37.1,0.981,-51.241,0,0,,
T07-A03,CRE_05,2,DSC_0174,0.437,4.905,0.228,1.323,3725,1518,99.273,0.903,1.225,0.816,0.557,0.19,0.186,0.247,0.597,35.463,0.63,-33.354,0,0,,
T07-A05,TIC_06,3,DSC_0141,0.828,7.22,0.2,1.956,4058,1986,85.617,1.349,1.545,0.647,0.514,0.14,0.198,0.46,0.951,24.55,0.752,-32.638,1,0,,
T07-A07,LIC_02,3,DSC_0193,0.617,7.039,0.156,1.713,4076,1830,88.077,1.143,1.684,0.594,0.52,0.158,0.153,0.444,0.715,28.243,0.637,-27.25,0,0,,
T07-A11,KAB_06,3,DSC_0194,0.539,5.247,0.246,1.471,1879,3031,94.764,0.932,1.386,0.721,0.613,0.256,0.216,0.331,0.495,35.48,0.499,-18.513,0,0,,
T07-A13,FUR_07,3,DSC_0138,1.391,8.57,0.238,2.142,2468,1661,73.034,1.667,1.089,0.918,0.609,0.387,0.351,0.535,1.132,9.655,0.877,-46.564,0,0,,
T07-B02,GPN_05,3,DSC_0185,1.066,8.824,0.172,2.266,1707,2957,95.115,1.612,1.42,0.704,0.472,0.229,0.185,0.575,1.119,38.938,1.067,-29.745,0,0,,
T07-B04,KAB_05,3,DSC_0166,0.839,8.725,0.139,2.019,2281,2883,98.236,1.363,1.403,0.713,0.469,0.234,0.185,0.329,0.756,18.908,0.62,-5.937,0,0,,
T07-B06,HES_14,NA,NA,NA,NA,NA,NA,NA,NA,NA,NA,NA,NA,NA,NA,NA,NA,NA,NA,NA,NA,NA,2,,
T07-B08,LRR_14,3,DSC_0021,1.274,9.28,0.186,2.165,1602,1289,94.694,1.664,1.313,0.762,0.536,0.195,0.319,0.659,1.074,35.732,0.973,-20.904,1,0,,
T07-B10,PMS_12,3,DSC_0139,0.706,6.442,0.214,1.763,2364.5,3261.5,83.392,1.229,1.417,0.706,0.537,0.171,0.18,0.376,0.875,27.607,0.705,-36.176,0,0,,
T07-B12,CRE_14,3,DSC_0157,1.206,8.264,0.222,2.215,3779,1813,82.828,1.591,1.283,0.779,0.55,0.3,0.31,0.574,0.935,31.346,1.126,-39.8,0,0,,
T07-B14,BRD_04,3,DSC_0159,1.045,9.286,0.152,2.393,2584,1301,101.487,1.575,1.082,0.925,0.404,0.299,0.32,0.389,1.332,59.452,1.237,-28.124,0,0,,
T07-C01,CRE_06,2,DSC_0170,0.642,6.173,0.212,1.776,2273,2001,84.005,1.14,1.487,0.672,0.507,0.212,0.229,0.331,0.874,39.196,0.773,-49.943,0,0,,
T07-C03,OGP_18,NA,NA,NA,NA,NA,NA,NA,NA,NA,NA,NA,NA,NA,NA,NA,NA,NA,NA,NA,NA,NA,2,only flowered once,
T07-C05,JCP_11,3,DSC_148,0.591,5.966,0.209,1.377,2822,1203,83.337,1.068,1.268,0.788,0.587,0.219,0.218,0.384,0.771,32.635,0.825,-49.399,0,0,,
T07-C07,BRD_08,NA,NA,NA,NA,NA,NA,NA,NA,NA,NA,NA,NA,NA,NA,NA,NA,NA,NA,NA,NA,NA,1,dead; didn't produce third flower beforehand ,
T07-C09,BFF_12,NA,NA,NA,NA,NA,NA,NA,NA,NA,NA,NA,NA,NA,NA,NA,NA,NA,NA,NA,NA,NA,2,not captured in time ,
T07-C11,OGP_03,3,DSC_0037,1.232,9.087,0.188,2.155,2484,3340,87.23,1.573,1.196,0.836,0.595,0.297,0.274,0.528,0.808,18.539,0.895,-17.65,0,0,,
T07-C13,BBU_14,3,DSC_0139,0.943,6.634,0.269,1.859,3957.5,3266.5,82.521,1.388,1.093,0.915,0.555,0.268,0.278,0.483,1.094,31.518,1.034,-46.488,0,0,,
T07-D02,STM_14,3,DSC_0028,1.309,10.108,0.161,2.172,3770,1422,106.184,1.58,1.16,0.862,0.553,0.377,0.327,0.663,0.989,26.906,1.23,-30.543,0,0,,
T07-D04,FUR_09,3,DSC_0153,1.207,8.883,0.192,2.401,2089,1365,93.02,1.398,1.624,0.616,0.534,0.304,0.261,0.472,0.965,51.08,0.99,-21.672,0,0,,
T07-D06,STM_18,3,DSC_0023,1.81,9.629,0.245,2.444,4228,2803.5,91.023,1.828,1.132,0.884,0.593,0.525,0.444,0.752,1.377,31.443,1.137,-40.931,0,0,,
T07-D08,LRR_08,3,DSC_0012,1.232,8.878,0.196,2.37,1707.667,1732.667,87.368,1.732,1.406,0.711,0.474,0.217,0.224,0.515,1.115,23.856,1.222,-37.813,1,0,,
T07-D10,HES_03,3,DSC_0163,1.085,8.801,0.176,2.536,1882,2129,80.662,1.619,1.71,0.585,0.452,0.188,0.206,0.493,0.983,22,0.38,-31.684,0,0,,
T07-D12,FUR_18,3,DSC_0026,1.826,9.571,0.251,2.692,2566.667,1817.333,89.213,1.953,1.3,0.769,0.571,0.284,0.316,0.689,1.101,27.933,1.224,-24.925,0,0,,
T07-D14,CRE_17,3,DSC_0180,1.103,7.253,0.263,1.807,2043.333,3049.667,100.853,1.369,1.09,0.917,0.587,0.332,0.318,0.628,1.181,38.007,1.065,-36.573,0,0,,
T07-E01,LIC_10,3,DSC_0196,0.701,7.019,0.179,1.759,2303,1610,78.29,1.207,1.381,0.724,0.54,0.244,0.234,0.389,0.727,14.216,0.702,-44.458,0,0,,
T07-E03,MEB_20,2,DSC_0166,1.161,7.856,0.236,2.275,4045,2884,94.475,1.537,1.364,0.733,0.55,0.242,0.243,0.535,1.026,38.583,0.943,-19.403,0,5,,
T07-E05,LRR_19,3,DSC_0165,0.571,5.909,0.205,1.484,2268,2846,110.647,1.052,1.335,0.749,0.57,0.178,0.19,0.344,0.677,43.394,0.57,-6.762,0,0,,
T07-E07,OGP_12,3,DSC_0165,0.639,5.686,0.249,1.533,4077,3171,83.466,1.139,1.113,0.898,0.582,0.246,0.224,0.418,0.706,19.813,0.725,-38.618,0,0,,
T07-E09,JCP_08,2,DSC_0178,0.139,2.562,0.267,0.871,4218,3139,97.684,0.454,2.168,0.461,0.613,0.085,0.11,0.139,0.323,50.454,0.308,-33.808,0,0,,
T07-E11,KAB_16,3,DSC_0138,0.337,4.943,0.173,1.262,3944,1497,95.366,0.803,1.504,0.665,0.548,0.165,0.152,0.194,0.41,41.338,0.538,-29.89,0,0,,
T07-E13,LIC_01,3,DSC_0195,0.327,3.771,0.289,1.176,2673,1568,98.645,0.765,1.58,0.633,0.603,0.148,0.137,0.292,0.529,45.521,0.496,-27.795,0,0,,
T07-F02,HES_06,3,DSC_0136,1.288,9.053,0.198,2.118,2782,3224,78.152,1.713,1.019,0.981,0.525,0.353,0.352,0.516,1.138,21.666,1.067,-42.797,0,0,,
T07-F04,FUR_17,NA,NA,NA,NA,NA,NA,NA,NA,NA,NA,NA,NA,NA,NA,NA,NA,NA,NA,NA,NA,NA,3,,
T07-F06,BRD_19,3,DSC_0159,0.575,5.138,0.274,1.774,4026,1459,90.81,0.946,1.791,0.558,0.585,0.285,0.276,0.367,0.602,40.99,0.601,-43.52,1,0,,
T07-F08,CRE_16,NA,NA,NA,NA,NA,NA,NA,NA,NA,NA,NA,NA,NA,NA,NA,NA,NA,NA,NA,NA,NA,5,,
T07-F10,FUR_13,3,DSC_0147,1.83,12.445,0.148,2.999,2592,1247,90.509,2.143,1.222,0.819,0.466,0.311,0.348,0.506,1.229,19.933,1.244,-27.269,0,0,,
T07-F12,JCP_01,NA,NA,NA,NA,NA,NA,NA,NA,NA,NA,NA,NA,NA,NA,NA,NA,NA,NA,NA,NA,NA,1,never germinated,
T07-F14,MEB_13,3,DSC_0030,2.171,10.639,0.241,2.884,2047,1295,89.442,2.05,1.128,0.886,0.573,0.646,0.512,0.621,1.328,35.538,1.359,-34.265,0,0,,
T07-G01,TIC_19,3,DSC_0043,0.879,6.365,0.272,1.784,2198,2903,102.312,1.309,1.124,0.889,0.585,0.284,0.214,0.528,1.018,51.067,0.869,-19.301,0,0,,
T07-G03,GPN_09,NA,NA,NA,NA,NA,NA,NA,NA,NA,NA,NA,NA,NA,NA,NA,NA,NA,NA,NA,NA,NA,1,dead,
T07-G05,OGP_10,3,DSC_0141,0.625,6.129,0.209,1.64,2144,3136,76.446,1.093,1.291,0.774,0.529,0.221,0.204,0.378,0.825,19.138,0.811,-58.821,0,0,,
T07-G07,TIC_07,3,DSC_0032,1.035,8.528,0.179,2.171,1943,1045,93.507,1.45,1.562,0.64,0.526,0.206,0.198,0.555,1.128,43.493,0.971,-30.999,0,0,,
T07-G09,SUC_08,NA,NA,NA,NA,NA,NA,NA,NA,NA,NA,NA,NA,NA,NA,NA,NA,NA,NA,NA,NA,NA,"1, 4",dead; aphid damage,
T07-G11,PMS_15,NA,NA,NA,NA,NA,NA,NA,NA,NA,NA,NA,NA,NA,NA,NA,NA,NA,NA,NA,NA,NA,2,,
T07-G13,BRD_12,NA,NA,NA,NA,NA,NA,NA,NA,NA,NA,NA,NA,NA,NA,NA,NA,NA,NA,NA,NA,NA,1,never germinated,